{
  "AWS": {
    "IMAGE_SIZE": [
      "128x128",
      "400x400",
      "800x800",
      "1200x1200"
    ],
    "WRITE_BUCKET": "psp-image-storage",
    "READ_BUCKET": "psp-image-storage-resize",
    "BUCKET_REGION": "us-east-1",
    "PRODUCT_IMG_THUMB_SRC": "psp-image-storage/product/image/thumbnail",
    "PRODUCT_IMG_THUMB_DEST": "psp-image-storage-resize/product/image/thumbnail",
    "PRODUCT_IMG_GALLERY_SRC": "psp-image-storage/product/image/gallery",
    "PRODUCT_IMG_GALLERY_DEST": "psp-image-storage-resize/product/image/gallery",
    "PRODUCT_VDO_SRC": "psp-image-storage/product/video",
    "PRODUCT_VDO_DEST": "psp-image-storage-resize/product/video",
    "PRODUCT_IMG_IDF": "prod_partnum",
    "BRAND_IMG_SRC": "psp-image-storage-resize/brand",
    "BRAND_IMG_DEST": "psp-image-storage-resize/brand",
    "BRND_IMG_IDF": "id",
    "BANNER_IMG_SRC": "psp-image-storage-resize/banner",
    "BANNER_IMG_DEST": "psp-image-storage-resize/banner",
    "BANNER_IMG_IDF": "id",
    "CATEGORY_IMG_SRC": "psp-image-storage/category",
    "CATEGORY_IMG_DEST": "psp-image-storage-resize/category",
    "CATEGORY_IMG_IDF": "id",
    "USER_IMG_SRC": "psp-image-storage-resize/user",
    "USER_IMG_DEST": "psp-image-storage-resize/user",
    "USER_IMG_IDF": "id",
    "COMPANY_LOGO_IMG_SRC": "psp-image-storage-resize/logo",
    "COMPANY_DARK_LOGO_IMG_SRC": "psp-image-storage-resize/dark-logo",
    "COMPANY_FAV_ICON_SRC": "psp-image-storage-resize/fav",
    "COMPANY_LOGO_IMG_DEST": "psp-image-storage-resize/logo",
    "COMPANY_DARK_LOGO_IMG_DEST": "psp-image-storage-resize/dark-logo",
    "COMPANY_FAV_ICON_DEST": "psp-image-storage-resize/fav",
    "COMPANY_LOGO_IMG_IDF": "tenant_id",
    "CONTACTUS_IMG_SRC": "psp-image-storage-resize/brand",
    "CONTACTUS_IMG_DEST": "psp-image-storage-resize/brand",
    "CONTACTUS_IMG_IDF": "id",
    "ORDER_TAX_EXEMPT_FILE_SRC": "psp-image-storage-resize/order"
  },
  "SERVER_URL": "http://api.primeserverparts.com/",
  "COMPANY_NAME": "Prime Server Parts",
  "ECOM_URL": "https://main.dhgmx4ths2j4g.amplifyapp.com/",
  "ADMIN_URL": "https://main.d1obfpyzuclg77.amplifyapp.com/",
  "RESET_PASSWORD": "reset-password/",
  "SET_PASSWORD": "set-password/",
  "QUOTE_APPROVE": "shop/quote-approve/"
}