{
  "Sheet1": [
    {
      "link": "https://www.serversupply.com/HOT SWAP CADDY-TRAY/SAS-SATA/2.5INCH/HP/651699-001_191992.htm",
      "category": "Home/HOT SWAP CADDY-TRAY/SAS-SATA/2.5INCH/651699-001",
      "name": " HP 651699-001 2.5inch Sas-sata Hot Swap Caddy-tray",
      "image": "http://www.serversuply.com//images/item/191992.jpg",
      "description": "HP 651699-001 2.5 INCH HOT SWAP SAS/SATA SFF TRAY FOR G8/G9/G10 SERVER. ",
      "availability": "IN STOCK",
      "mpn": "651699-001",
      "sku": "191992",
      "brand": "HP",
      "price": "35",
      "condition": "Refurbished",
      "seller": "Sever Supply",
      "full description": "Detail overview\r\nHp - 2.5 Inch Hot Swap Sas/sata Sff Tray For G8 Server.\r\n\r\ngeneral Information :\r\npart No. # 651699-001\r\nmanufacturer : Hp\r\n\r\ncondition : Refurbished.\r\navailability : In Stock.\r\nour Warranty : 30 Days."
    },
    {
      "link": "https://www.serversupply.com/HOT SWAP CADDY-TRAY/SAS-SATA/2.5INCH/HP/651687-001_191989.htm",
      "category": "Home/HOT SWAP CADDY-TRAY/SAS-SATA/2.5INCH/651687-001",
      "name": " HP 651687-001 2.5 INCH HOT SWAP SAS/SATA SFF TRAY FOR G8/G9/G10 SERVER. REFURBISHED. IN STOCK.",
      "image": "http://www.serversuply.com//images/item/191989.jpg",
      "description": "HP 651687-001 2.5 INCH HOT SWAP SAS/SATA SFF TRAY FOR G8/G9/G10 SERVER. ",
      "availability": "IN STOCK",
      "mpn": "651687-001",
      "sku": "191989",
      "brand": "HP",
      "price": "35",
      "condition": "Refurbished",
      "seller": "Sever Supply",
      "full description": "Detail overview\r\nHp - 2.5 Inch Hot Swap Sas/sata Sff Tray For G8 Server.\r\n\r\ngeneral Information :\r\npart No. # 651687-001\r\nmanufacturer : Hp\r\n\r\ncondition : Refurbished.\r\navailability : In Stock.\r\nour Warranty : 30 Days."
    },
    {
      "link": "https://www.serversupply.com/HOT SWAP CADDY-TRAY/SAS-SATA/2.5INCH/DELL/Y9DDJ_221023.htm",
      "category": "Home/HOT SWAP CADDY-TRAY/SAS-SATA/2.5INCH/Y9DDJ",
      "name": " Dell Y9DDJ 2.5 INCH Storage drive carrier (caddy)",
      "image": "http://www.serversuply.com//images/item/221023.jpg",
      "description": "DELL Y9DDJ 2.5 INCH SAS HARD DRIVE TRAY FOR DELL POWEREDGE. ",
      "availability": "IN STOCK",
      "mpn": "Y9DDJ",
      "sku": "221023",
      "brand": "DELL",
      "price": "30",
      "condition": "Refurbished",
      "seller": "Sever Supply",
      "full description": "Detail overview\r\nDell - 2.5 Inch Sas Hard Drive Tray For Dell Poweredge\r\n\r\ngeneral Information :\r\npart No. Y9ddj\r\nmanufacturer : Dell\r\n\r\ncondition : Refurbished.\r\navailability : In Stock.\r\nour Warranty : 30 Days."
    },
    {
      "link": "https://www.serversupply.com/HOT SWAP CADDY-TRAY/SAS-SATA/2.5INCH/DELL/WX389_216258.htm",
      "category": "Home/HOT SWAP CADDY-TRAY/SAS-SATA/2.5INCH/WX389",
      "name": " Dell WX389 2.5inch Sas-sata Hot Swap Caddy-tray",
      "image": "http://www.serversuply.com//images/item/216258.jpg",
      "description": "DELL WX389 2.5 INCH SAS/SATA HARD DRIVE TRAY. ",
      "availability": "IN STOCK",
      "mpn": "WX389",
      "sku": "216258",
      "brand": "DELL",
      "price": "30",
      "condition": "Refurbished",
      "seller": "Sever Supply",
      "full description": "Detail overview\r\nproduct: Dell 2.5 Inch Sas/sata Hard Drive Tray.\r\n\r\ngeneral Information :\r\npart No. # Wx389\r\nmanufacturer : Dell\r\n\r\ncompatibility:\r\ndell Poweredge R410, T410, R610, T610, R710, T710, M600, M605, M610, M710, M805, M905, M1000e, Md1120 Storage Arrays\r\n\r\ncondition : Refurbished.\r\navailability : In Stock.\r\nour Warranty : 30 Days.\r\n\r\nready To Ship Same Day"
    },
    {
      "link": "https://www.serversupply.com/HOT SWAP CADDY-TRAY/SAS-SATA/2.5INCH/DELL/G176J_120829.htm",
      "category": "Home/HOT SWAP CADDY-TRAY/SAS-SATA/2.5INCH/G176J",
      "name": " Dell G176J 2.5inch Sas-sata Hot Swap Caddy-tray",
      "image": "http://www.serversuply.com//images/item/120829.jpg",
      "description": "DELL G176J 2.5 INCH SAS/SATA HARD DRIVE TRAY. ",
      "availability": "IN STOCK",
      "mpn": "G176J",
      "sku": "120829",
      "brand": "DELL",
      "price": "30",
      "condition": "Refurbished",
      "seller": "Sever Supply",
      "full description": "Detail overview\r\nproduct: Dell 2.5 Inch Sas/sata Hard Drive Tray.\r\n\r\ngeneral Information :\r\npart No. # G176j\r\nmanufacturer : Dell\r\n\r\ncompatibility:\r\ndell Poweredge R410, T410, R610, T610, R710, T710, M600, M605, M610, M710, M805, M905, M1000e, Md1120 Storage Arrays\r\n\r\ncondition : Refurbished.\r\navailability : In Stock.\r\nour Warranty : 30 Days.\r\n\r\nready To Ship Same Day"
    },
    {
      "link": "https://www.serversupply.com/HOT SWAP CADDY-TRAY/SAS-SATA/3.5INCH/DELL/0KG1CH_232208.htm",
      "category": "Home/HOT SWAP CADDY-TRAY/SAS-SATA/3.5INCH/0KG1CH",
      "name": " Dell KG1CH 3.5Inch Sas-sata Hot Swap Caddy-tray",
      "image": "http://www.serversuply.com//images/item/232208.jpg",
      "description": "DELL 0KG1CH ORIGINAL 3.5 IN SAS/SATA  TRAY CARRIER. ",
      "availability": "IN STOCK",
      "mpn": "0KG1CH",
      "sku": "232208",
      "brand": "DELL",
      "price": "30",
      "condition": "Refurbished",
      "seller": "Sever Supply",
      "full description": "Detail overview\r\nDell - Original 3.5 In Sas/sata Tray Carrier.\r\n\r\ngeneral Information :\r\npart No. # 0kg1ch\r\nmanufacturer : Dell\r\n\r\ncompatibility:\r\npoweredge T710, T610, T410, T310, R710, R720, R610, R510, R410, R310 Series Servers And Powervault Nx3000, Md3200 Sas/sata Arrays\r\n\r\nkey Features :\r\ncabinet Type : Internal Drive Case\r\nmodules Qty. : 1\r\n\r\nstorage Controller :\r\nsupported Devices : Hard Drive\r\ncase Interface : Sas-sata\r\n\r\ncondition : Refurbished.\r\navailability : In Stock\r\nour Warranty : 30 Days\r\n\r\nready To Ship Same Day"
    },
    {
      "link": "https://www.serversupply.com/HOT SWAP CADDY-TRAY/SAS-SATA/3.5INCH/DELL/58CWC_255780.htm",
      "category": "Home/HOT SWAP CADDY-TRAY/SAS-SATA/3.5INCH/58CWC",
      "name": " Dell 58CWC 3.5Inch Sas-sata Hot Swap Caddy-tray",
      "image": "http://www.serversuply.com//images/item/255780.jpg",
      "description": "DELL 58CWC ORIGINAL 3.5 IN SAS/SATA  TRAY CARRIER (58CWC). ",
      "availability": "IN STOCK",
      "mpn": "58CWC",
      "sku": "255780",
      "brand": "DELL",
      "price": "30",
      "condition": "Refurbished",
      "seller": "Sever Supply",
      "full description": "Detail overview\r\nDell - Original 3.5 In Sas/sata Tray Carrier.\r\n\r\ngeneral Information :\r\npart No. # 58cwc\r\nmanufacturer : Dell\r\n\r\ncompatibility:\r\npoweredge T710, T610, T410, T310, R710, R720, R610, R510, R410, R310 Series Servers And Powervault Nx3000, Md3200 Sas/sata Arrays\r\n\r\nkey Features :\r\ncabinet Type : Internal Drive Case\r\nmodules Qty. : 1\r\n\r\nstorage Controller :\r\nsupported Devices : Hard Drive\r\ncase Interface : Sas-sata\r\n\r\ncondition : Refurbished\r\navailability : In Stock\r\nour Warranty : 30 Days\r\n\r\nready To Ship Same Day"
    },
    {
      "link": "https://www.serversupply.com/HOT SWAP CADDY-TRAY/SAS-SATA/3.5INCH/DELL/X7K8W_305401.htm",
      "category": "Home/HOT SWAP CADDY-TRAY/SAS-SATA/3.5INCH/X7K8W",
      "name": " Dell X7K8W SAS-SATA 3.5in LFF Hard Drive Tray/Caddy",
      "image": "http://www.serversuply.com//images/item/305401.jpg",
      "description": "DELL X7K8W SAS-SATA 3.5IN LFF HARD DRIVE TRAY/CADDY.  ",
      "availability": "IN STOCK",
      "mpn": "X7K8W",
      "sku": "305401",
      "brand": "DELL",
      "price": "30",
      "condition": "New",
      "seller": "Sever Supply",
      "full description": "Detail overview\r\nproduct: Dell X7k8w Sas-sata 3.5in Lff Hard Drive Tray/caddy.\r\n\r\ngeneral Information :\r\npart No. # X7k8w\r\nmanufacturer : Dell\r\n\r\ncondition : Brand New.\r\navailability : In Stock.\r\nour Warranty : 30 Days."
    },
    {
      "link": "https://www.serversupply.com/HOT SWAP CADDY-TRAY/SAS-SATA/2.5INCH/HP/371593-001_147899.htm",
      "category": "Home/HOT SWAP CADDY-TRAY/SAS-SATA/2.5INCH/371593-001",
      "name": " HP 371593-001 2.5Inch Sas-sata Hot Swap Caddy-tray",
      "image": "http://www.serversuply.com//images/item/147899.jpg",
      "description": "HP 371593-001 2.5 INCH HOT SWAP SAS/SATA TRAY. ",
      "availability": "IN STOCK",
      "mpn": "371593-001",
      "sku": "147899",
      "brand": "HP",
      "price": "35",
      "condition": "Refurbished",
      "seller": "Sever Supply",
      "full description": "Detail overview\r\nHp - 2.5 Inch Hot Swap Sas/sata Tray.\r\n\r\ngeneral Information :\r\npart No. 371593-001\r\nmanufacturer : Hp\r\n\r\ncondition : Refurbished.\r\navailability : In Stock.\r\nour Warranty : 30 Days."
    },
    {
      "link": "https://www.serversupply.com/HOT SWAP CADDY-TRAY/SAS-SATA/3.5INCH/HP/373211-001_118855.htm",
      "category": "Home/HOT SWAP CADDY-TRAY/SAS-SATA/3.5INCH/373211-001",
      "name": " HP 373211-001 3.5Inch Sas-sata Hot Swap Caddy-tray",
      "image": "http://www.serversuply.com//images/item/118855.jpg",
      "description": "HP 373211-001 HOT PLUGGABLE HARD DRIVE TRAY HOLDS A 3.5 X 1 INCH SAS/SATA DRIVE TRAY ",
      "availability": "IN STOCK",
      "mpn": "373211-001",
      "sku": "118855",
      "brand": "HP",
      "price": "35",
      "condition": "Refurbished",
      "seller": "Sever Supply",
      "full description": "Detail overview\r\nproduct: Hot Pluggable Hard Drive Tray Holds A 3.5 X 1 Inch Sas/sata Drive For Proliant Servers.\r\n\r\ngeneral Information :\r\npart No. 373211-001\r\n\r\ncompatibility:\r\nthis Tray Is Compatible With Those Proliant Servers That Support Sata/sas Hard Drives Including Hp Proliant Models Ml110,150,310 G2, Dl320 G3\r\n\r\ncondition : Refurbished\r\navailability : In Stock\r\nour Warranty : 30 Days\r\n\r\nready To Ship Same Day"
    },
    {
      "link": "https://www.serversupply.com/HOT SWAP CADDY-TRAY/SAS-SATA/2.5INCH/DELL/F830C_119131.htm",
      "category": "Home/HOT SWAP CADDY-TRAY/SAS-SATA/2.5INCH/F830C",
      "name": " Dell F830C 2.5inch Sas-sata Hot Swap Caddy-tray",
      "image": "http://www.serversuply.com//images/item/119131.jpg",
      "description": "DELL F830C 2.5 INCH SAS HARD DRIVE TRAY. ",
      "availability": "IN STOCK",
      "mpn": "F830C",
      "sku": "119131",
      "brand": "DELL",
      "price": "35",
      "condition": "Refurbished",
      "seller": "Sever Supply",
      "full description": "Detail overview\r\nproduct: Dell 2.5 Inch Sas Hard Drive Tray.\r\n\r\ngeneral Information :\r\npart No. # F830c\r\nmanufacturer : Dell\r\n\r\ncondition : Refurbished.\r\navailability : In Stock.\r\nour Warranty : 30 Days.\r\n\r\nready To Ship Same Day"
    },
    {
      "link": "https://www.serversupply.com/HOT SWAP CADDY-TRAY/SAS-SATA/3.5INCH/DELL/X968D_120689.htm",
      "category": "Home/HOT SWAP CADDY-TRAY/SAS-SATA/3.5INCH/X968D",
      "name": " Dell X968D PowerEdge Powervault Server Hard Drive Caddy Tray",
      "image": "http://www.serversuply.com//images/item/120689.jpg",
      "description": "DELL X968D ORIGINAL 3.5INCH SAS/SATA HARD DRIVE TRAY/CADDY FOR DELL POWEREDGE. ",
      "availability": "IN STOCK",
      "mpn": "X968D",
      "sku": "120689",
      "brand": "DELL",
      "price": "35",
      "condition": "Refurbished",
      "seller": "Sever Supply",
      "full description": "Detail overview\r\nDell - Original 3.5inch Sas/sata Hard Drive Tray/caddy For Dell Poweredge.\r\n\r\ngeneral Information :\r\npart No. # X968d\r\nmanufacturer : Dell\r\n\r\ncompatibility:\r\npoweredge T710, T610, T410, T310, R710, R610, R510, R410, R310 Series Servers And Powervault Nx3000, Md3200 Sas/sata Arrays\r\n\r\nkey Features :\r\ncabinet Type : Internal Drive Case\r\nmodules Qty. : 1\r\n\r\nstorage Controller :\r\nsupported Devices : Hard Drive\r\ncase Interface : Sas-sata\r\n\r\ncondition : Refurbished.\r\navailability : In Stock\r\nour Warranty : 30 Days\r\n\r\nready To Ship Same Day"
    },
    {
      "link": "https://www.serversupply.com/HOT SWAP CADDY-TRAY/SAS-SATA/3.5INCH/DELL/D962C_164890.htm",
      "category": "Home/HOT SWAP CADDY-TRAY/SAS-SATA/3.5INCH/D962C",
      "name": " Dell D962C 3.5inch Sas-sata Hot Swap Caddy-tray",
      "image": "http://www.serversuply.com//images/item/164890.jpg",
      "description": "DELL D962C 3.5INCH HOT SWAP SAS SATA HARD DRIVE TRAY SLED CADDY FOR POWEREDGE AND POWERVAULT SERVERS. ",
      "availability": "IN STOCK",
      "mpn": "D962C",
      "sku": "164890",
      "brand": "DELL",
      "price": "35",
      "condition": "Refurbished",
      "seller": "Sever Supply",
      "full description": "Detail overview\r\nDell - 3.5inch Hot Swap Sas Sata Hard Drive Tray Sled Caddy For Poweredge And Powervault Servers\r\n\r\ngeneral Information :\r\npart No. # D962c\r\nmanufacturer : Dell\r\n\r\ncompatibility: Poweredge 1900, 1950, 2900, 2950, 6900, 6950 Servers And Powervault Md1000 And Md3000 Storage Arrays\r\n\r\ncondition : Refurbished\r\navailability : In Stock\r\nour Warranty : 30 Days\r\n\r\nready To Ship Same Day"
    },
    {
      "link": "https://www.serversupply.com/HOT SWAP CADDY-TRAY/SAS-SATA/3.5INCH/DELL/CC852_113522.htm",
      "category": "Home/HOT SWAP CADDY-TRAY/SAS-SATA/3.5INCH/CC852",
      "name": " Dell CC852 3.5inch Sas-sata Hot Swap Caddy-tray",
      "image": "http://www.serversuply.com//images/item/113522.jpg",
      "description": "DELL CC852 3.5INCH HOT SWAP SAS SATA HARD DRIVE TRAY SLED CADDY FOR POWEREDGE AND POWERVAULT SERVERS. ",
      "availability": "IN STOCK",
      "mpn": "CC852",
      "sku": "113522",
      "brand": "DELL",
      "price": "35",
      "condition": "Refurbished",
      "seller": "Sever Supply",
      "full description": "Detail overview\r\nproduct: 3.5inch Hot Swap Sas Sata Hard Drive Tray Sled Caddy For Poweredge And Powervault Servers.\r\n\r\ngeneral Information :\r\npart No. # Cc852\r\nmanufacturer : Dell\r\n\r\ncompatibility: Poweredge 1900, 1950, 2900, 2950, 6900, 6950 Servers And Powervault Md1000 And Md3000 Storage Arrays\r\n\r\ncondition : Refurbished\r\navailability : In Stock\r\nour Warranty : 30 Days\r\n\r\nready To Ship Same Day"
    },
    {
      "link": "https://www.serversupply.com/HOT SWAP CADDY-TRAY/SAS-SATA/2.5INCH/CISCO/800-35052-01_281472.htm",
      "category": "Home/HOT SWAP CADDY-TRAY/SAS-SATA/2.5INCH/800-35052-01",
      "name": " Cisco 800-35052-01 2.5 inch Hard Drive Tray Caddy Sled For Server C2",
      "image": "http://www.serversuply.com//images/item/281472.jpg",
      "description": "CISCO 800-35052-01 2.5 HARD DRIVE TRAY CADDY SLED FOR SERVER C2. ",
      "availability": "IN STOCK",
      "mpn": "800-35052-01",
      "sku": "281472",
      "brand": "CISCO",
      "price": "40",
      "condition": "Refurbished",
      "seller": "Sever Supply",
      "full description": "Detail overview\r\nCisco 800-35052-01 2.5 Hard Drive Tray Caddy Sled For Server C2\r\n\r\n\r\ncondition : Refurbished.\r\navailability : In Stock.\r\nour Warranty : 30 Days."
    },
    {
      "link": "https://www.serversupply.com/HOT SWAP CADDY-TRAY/SAS-SATA/2.5INCH/DELL/DXD9H_306143.htm",
      "category": "Home/HOT SWAP CADDY-TRAY/SAS-SATA/2.5INCH/DXD9H",
      "name": " DELL DXD9H  Sas Sata 2.5IN Sff Hard Drive Tray/Caddy",
      "image": "http://www.serversuply.com//images/item/306143.jpg",
      "description": "DELL DXD9H SAS SATA 2.5IN SFF HARD DRIVE TRAY/CADDY.   ",
      "availability": "IN STOCK",
      "mpn": "DXD9H",
      "sku": "306143",
      "brand": "DELL",
      "price": "40",
      "condition": "New",
      "seller": "Sever Supply",
      "full description": "Detail overview\r\nDell Dxd9h Sas Sata 2.5in Sff Hard Drive Tray/caddy.\r\n\r\nGeneral Information :\r\nPart No. # Dxd9h\r\nManufacturer : Dell\r\n\r\nCompatibility:\r\nPbsn Services Node\r\nPoweredge C6420\r\nPoweredge C6525\r\nPoweredge R340\r\nPoweredge R350\r\nPoweredge R440\r\nPoweredge R640\r\nPoweredge R6415\r\nPoweredge R650\r\nPoweredge R6515\r\nPoweredge R6525\r\nPoweredge R740\r\nPoweredge R740xd\r\nPoweredge R7415\r\nPoweredge R7425\r\nPoweredge R750\r\nPoweredge R7515\r\nPoweredge R7525\r\nPoweredge R840\r\nPoweredge R940\r\nPoweredge R940xa\r\nPoweredge T550\r\nPowervault Nx3240\r\n\r\nCondition : Brand New.\r\nAvailability : In Stock.\r\nOur Warranty : 30 Days."
    },
    {
      "link": "https://www.serversupply.com/HOT SWAP CADDY-TRAY/SAS-SATA/3.5INCH/DELL/FMT3P_279587.htm",
      "category": "Home/HOT SWAP CADDY-TRAY/SAS-SATA/3.5INCH/FMT3P",
      "name": " Dell FMT3P Hot Swap Trays SAS-SATA 3.5 Inch",
      "image": "http://www.serversuply.com//images/item/279587.jpg",
      "description": "DELL - 3.5 INCH SAS/SATA HARD DRIVE TRAY (FMT3P). ",
      "availability": "IN STOCK",
      "mpn": "FMT3P",
      "sku": "279587",
      "brand": "DELL",
      "price": "35",
      "condition": "Refurbished",
      "seller": "Sever Supply",
      "full description": "Detail overview\r\nDell - 3.5 Inch Sas/sata Hard Drive Tray.\r\n\r\n\r\ncondition : Refurbished.\r\navailability : In Stock.\r\nour Warranty : 30 Days."
    },
    {
      "link": "https://www.serversupply.com/HOT SWAP CADDY-TRAY/SAS-SATA/3.5INCH/DELL/F9541_98864.htm",
      "category": "Home/HOT SWAP CADDY-TRAY/SAS-SATA/3.5INCH/F9541",
      "name": " Dell F9541 3.5INCH Hard drive hot-plug tray ",
      "image": "http://www.serversuply.com//images/item/98864.jpg",
      "description": "DELL F9541 3.5INCH HOT SWAP SAS SATA HARD DRIVE TRAY SLED CADDY WITH SCREW FOR POWEREDGE AND POWERVAULT SERVERS. ",
      "availability": "IN STOCK",
      "mpn": "F9541",
      "sku": "98864",
      "brand": "DELL",
      "price": "35",
      "condition": "Refurbished",
      "seller": "Sever Supply",
      "full description": "Detail overview\r\nproduct: 3.5inch Hot Swap Sas Sata Hard Drive Tray Sled Caddy For Poweredge And Powervault Servers.\r\n\r\ngeneral Information :\r\npart No. # F9541\r\nmanufacturer : Dell\r\n\r\ncompatibility: Poweredge 1900, 1950, 2900, 2950, 6900, 6950 Servers And Powervault Md1000 And Md3000 Storage Arrays\r\n\r\ncondition : Refurbished.\r\navailability : In Stock.\r\nour Warranty : 30 Days.\r\n\r\nready To Ship Same Day"
    },
    {
      "link": "https://www.serversupply.com/HOT SWAP CADDY-TRAY/SAS-SATA/3.5INCH/DELL/F463R_165123.htm",
      "category": "Home/HOT SWAP CADDY-TRAY/SAS-SATA/3.5INCH/F463R",
      "name": " Dell F463R 3.5Inch Sas-sata Hot Swap Caddy-tray",
      "image": "http://www.serversuply.com//images/item/165123.jpg",
      "description": "DELL F463R 3.5 INCH SAS / SATA  HARD DRIVE TRAY. ",
      "availability": "IN STOCK",
      "mpn": "F463R",
      "sku": "165123",
      "brand": "DELL",
      "price": "35",
      "condition": "Refurbished",
      "seller": "Sever Supply",
      "full description": "Detail overview\r\nDell - 3.5 Inch Sas / Sata Hard Drive Tray.\r\n\r\ngeneral Information :\r\npart No. # F463r\r\nmanufacturer : Dell\r\n\r\ncompatibility:\r\nthis Tray Is Compatible With Those Server / Poweredge S25 Serverdell Poweredge R410, T410, R610, T610, R710, T710\r\n\r\ncondition : Refurbished\r\navailability : In Stock\r\nour Warranty : 30 Days"
    },
    {
      "link": "https://www.serversupply.com/HOT SWAP CADDY-TRAY/SAS-SATA/3.5INCH/DELL/F238F_120684.htm",
      "category": "Home/HOT SWAP CADDY-TRAY/SAS-SATA/3.5INCH/F238F",
      "name": " Dell F238F PowerEdge Powervault Server Hard Drive Caddy Tray",
      "image": "http://www.serversuply.com//images/item/120684.jpg",
      "description": "DELL F238F ORIGINAL 3.5 IN SAS/SATA  TRAY CARRIER. ",
      "availability": "IN STOCK",
      "mpn": "F238F",
      "sku": "120684",
      "brand": "DELL",
      "price": "35",
      "condition": "Refurbished",
      "seller": "Sever Supply",
      "full description": "Detail overview\r\nDell - Original 3.5 In Sas/sata Tray Carrier.\r\n\r\ngeneral Information :\r\npart No. # F238f\r\nmanufacturer : Dell\r\n\r\ncompatibility:\r\npoweredge T710, T610, T410, T310, R710, R720, R610, R510, R410, R310 Series Servers And Powervault Nx3000, Md3200 Sas/sata Arrays\r\n\r\nkey Features :\r\ncabinet Type : Internal Drive Case\r\nmodules Qty. : 1\r\n\r\nstorage Controller :\r\nsupported Devices : Hard Drive\r\ncase Interface : Sas-sata\r\n\r\ncondition : Refurbished.\r\navailability : In Stock\r\nour Warranty : 30 Days\r\n\r\nready To Ship Same Day"
    },
    {
      "link": "https://www.serversupply.com/HOT SWAP CADDY-TRAY/SAS-SATA/2.5INCH/DELL/3R81M_255835.htm",
      "category": "Home/HOT SWAP CADDY-TRAY/SAS-SATA/2.5INCH/3R81M",
      "name": " Dell 3R81M 2.5inch Sas-sata Hot Swap Caddy-tray",
      "image": "http://www.serversuply.com//images/item/255835.jpg",
      "description": "DELL 3R81M 2.5 INCH SAS/SATA HARD DRIVE TRAY. ",
      "availability": "IN STOCK",
      "mpn": "3R81M",
      "sku": "255835",
      "brand": "DELL",
      "price": "35",
      "condition": "Refurbished",
      "seller": "Sever Supply",
      "full description": "Detail overview\r\nproduct: Dell 2.5 Inch Sas/sata Hard Drive Tray.\r\n\r\ngeneral Information :\r\npart No. # 3r81m\r\nmanufacturer : Dell\r\n\r\ncompatibility:\r\ndell Poweredge R410, T410, R610, T610, R710, T710, M600, M605, M610, M710, M805, M905, M1000e, Md1120 Storage Arrays\r\n\r\ncondition : Refurbished.\r\navailability : In Stock.\r\nour Warranty : 30 Days.\r\n\r\nready To Ship Same Day"
    },
    {
      "link": "https://www.serversupply.com/HOT SWAP CADDY-TRAY/ADAPTER/2.5 TO 3.5 INCH/DELL/TVJYN_320217.htm",
      "category": "Home/HOT SWAP CADDY-TRAY/ADAPTER/2.5 TO 3.5 INCH/TVJYN",
      "name": " Dell TVJYN 2.5&quot; to 3.5&quot; HDD/SSD Hybrid Carrier.",
      "image": "http://www.serversuply.com//images/item/320217.jpg",
      "description": "DELL TVJYN CENTER HARD DRIVE TRAY / CADDY 2.5 INCH SMALL FORM FACTOR SFF FOR DELL EMC POWEREDGE R740XD MIDDLE HDD HYBRID CARRIER. ",
      "availability": "IN STOCK",
      "mpn": "TVJYN",
      "sku": "320217",
      "brand": "DELL",
      "price": "30",
      "condition": "Refurbished",
      "seller": "Sever Supply",
      "full description": "Detail overview\r\nDell Tvjyn Center Hard Drive Tray / Caddy 2.5 Inch Small Form Factor Sff For Dell Emc Poweredge R740xd Middle Hdd Hybrid Carrier. Refurbished. In Stock.\r\n\r\ngeneral Information :\r\npart No. # Tvjyn\r\nmanufacturer : Dell\r\n\r\ncondition : Refurbished.\r\navailability : In Stock.\r\nour Warranty : 30 Days."
    },
    {
      "link": "https://www.serversupply.com/HOT SWAP CADDY-TRAY/SAS-SATA/3.5INCH/DELL/Y796F_328468.htm",
      "category": "Home/HOT SWAP CADDY-TRAY/SAS-SATA/3.5INCH/Y796F",
      "name": " Dell Y796F SAS-SATA 3.5in LFF Hard Drive Tray/Caddy",
      "image": "http://www.serversuply.com//images/item/328468.jpg",
      "description": "DELL Y796F SAS-SATA 3.5IN LFF HARD DRIVE TRAY/CADDY.  ",
      "availability": "IN STOCK",
      "mpn": "Y796F",
      "sku": "328468",
      "brand": "DELL",
      "price": "30",
      "condition": "New",
      "seller": "Sever Supply",
      "full description": "Detail overview\r\nproduct: Dell Y796f Sas-sata 3.5in Lff Hard Drive Tray/caddy.\r\n\r\ngeneral Information :\r\npart No. # Y796f\r\nmanufacturer : Dell\r\n\r\n\r\ncondition : Brand New.\r\navailability : In Stock.\r\nour Warranty : 30 Days."
    },
    {
      "link": "https://www.serversupply.com/HOT SWAP CADDY-TRAY/SAS-SATA/3.5INCH/DELL/KG1CH_230897.htm",
      "category": "Home/HOT SWAP CADDY-TRAY/SAS-SATA/3.5INCH/KG1CH",
      "name": " Dell KG1CH 3.5Inch Sas-sata Hot Swap Caddy-tray",
      "image": "http://www.serversuply.com//images/item/230897.jpg",
      "description": "DELL KG1CH ORIGINAL 3.5 IN SAS/SATA  TRAY CARRIER. ",
      "availability": "IN STOCK",
      "mpn": "KG1CH",
      "sku": "230897",
      "brand": "DELL",
      "price": "30",
      "condition": "Refurbished",
      "seller": "Sever Supply",
      "full description": "Detail overview\r\nDell - Original 3.5 In Sas/sata Tray Carrier.\r\n\r\ngeneral Information :\r\npart No. # Kg1ch\r\nmanufacturer : Dell\r\n\r\ncompatibility:\r\npoweredge T710, T610, T410, T310, R710, R720, R610, R510, R410, R310 Series Servers And Powervault Nx3000, Md3200 Sas/sata Arrays\r\n\r\nkey Features :\r\ncabinet Type : Internal Drive Case\r\nmodules Qty. : 1\r\n\r\nstorage Controller :\r\nsupported Devices : Hard Drive\r\ncase Interface : Sas-sata\r\n\r\ncondition : Refurbished.\r\navailability : In Stock\r\nour Warranty : 30 Days\r\n\r\nready To Ship Same Day"
    },
    {
      "link": "https://www.serversupply.com/HOT SWAP CADDY-TRAY/SAS-SATA/3.5INCH/IBM/42R4131_117300.htm",
      "category": "Home/HOT SWAP CADDY-TRAY/SAS-SATA/3.5INCH/42R4131",
      "name": " IBM 42R4131 3.5inch Sas-sata Hot Swap Caddy-tray",
      "image": "http://www.serversuply.com//images/item/117300.jpg",
      "description": "IBM 42R4131 3.5INCH SATA/SAS HARD DRIVE TRAY. ",
      "availability": "IN STOCK",
      "mpn": "42R4131",
      "sku": "117300",
      "brand": "IBM",
      "price": "35",
      "condition": "Refurbished",
      "seller": "Sever Supply",
      "full description": "Detail overview\r\nproduct: 3.5inch Sata/sas Hard Drive Tray.\r\n\r\ngeneral Information :\r\npart No. # 42r4131\r\nmanufacturer : Ibm\r\n\r\ncompatibility:\r\nxseries 3250, 306m, 3400, 3455, 3500, 3550, 3600, 3650, 3655, 3700, 3755, 3800, 3850, Ibm System Storage Ds3200, Ds3300, Ds3400 Disk System Arrays\r\n\r\ncondition : Refurbished.\r\navailability : In Stock.\r\nour Warranty : 30 Days."
    },
    {
      "link": "https://www.serversupply.com/HOT SWAP CADDY-TRAY/SAS-SATA/2.5INCH/DELL/KG7NR_206418.htm",
      "category": "Home/HOT SWAP CADDY-TRAY/SAS-SATA/2.5INCH/KG7NR",
      "name": " Dell KG7NR 2.5inch Sas-sata Hot Swap Caddy-tray",
      "image": "http://www.serversuply.com//images/item/206418.jpg",
      "description": "DELL KG7NR 2.5 INCH SAS/SATA HARD DRIVE TRAY. ",
      "availability": "IN STOCK",
      "mpn": "KG7NR",
      "sku": "206418",
      "brand": "DELL",
      "price": "30",
      "condition": "Refurbished",
      "seller": "Sever Supply",
      "full description": "Detail overview\r\nproduct: Dell 2.5 Inch Sas/sata Hard Drive Tray.\r\n\r\ngeneral Information :\r\npart No. # Kg7nr\r\nmanufacturer : Dell\r\n\r\ncompatibility:\r\ndell Poweredge R410, T410, R610, T610, R710, T710, M600, M605, M610, M710, M805, M905, M1000e, Md1120 Storage Arrays\r\n\r\ncondition : Refurbished.\r\navailability : In Stock.\r\nour Warranty : 30 Days.\r\n\r\nready To Ship Same Day"
    },
    {
      "link": "https://www.serversupply.com/HOT SWAP CADDY-TRAY/SAS-SATA/2.5INCH/DELL/NRX7Y_182310.htm",
      "category": "Home/HOT SWAP CADDY-TRAY/SAS-SATA/2.5INCH/NRX7Y",
      "name": " Dell NRX7Y 2.5 INCH Storage drive carrier (caddy)",
      "image": "http://www.serversuply.com//images/item/182310.jpg",
      "description": "DELL NRX7Y 2.5 INCH SAS HARD DRIVE TRAY FOR DELL POWEREDGE. ",
      "availability": "IN STOCK",
      "mpn": "NRX7Y",
      "sku": "182310",
      "brand": "DELL",
      "price": "30",
      "condition": "Refurbished",
      "seller": "Sever Supply",
      "full description": "Detail overview\r\nDell - 2.5 Inch Sas Hard Drive Tray For Dell Poweredge\r\n\r\ngeneral Information :\r\npart No. Nrx7y\r\nmanufacturer : Dell\r\n\r\ncondition : Refurbished.\r\navailability : In Stock.\r\nour Warranty : 30 Days."
    },
    {
      "link": "https://www.serversupply.com/HOT SWAP CADDY-TRAY/ADAPTER/2.5 TO 3.5 INCH/DELL/KYR5R_345937.htm",
      "category": "Home/HOT SWAP CADDY-TRAY/ADAPTER/2.5 TO 3.5 INCH/KYR5R",
      "name": " Dell KYR5R Poweredge Sata/sas 2.5 To 3.5inch Hdd Tray.",
      "image": "http://www.serversuply.com//images/item/345937.jpg",
      "description": "DELL KYR5R POWERVULT MD1280 COMPELLENT SC280 SERVER DRIVE EXPANSION TRAY. ",
      "availability": "IN STOCK",
      "mpn": "KYR5R",
      "sku": "345937",
      "brand": "DELL",
      "price": "45",
      "condition": "Refurbished",
      "seller": "Sever Supply",
      "full description": "Detail overview\r\nDell Kyr5r Powervult Md1280 Compellent Sc280 Server Drive Expansion Tray.\r\n\r\n\r\ngeneral Information :\r\npart No. # Kyr5r\r\nmanufacturer : Dell\r\n\r\n\r\ncondition : Refurbished.\r\navailability : In Stock.\r\nour Warranty : 30 Days."
    },
    {
      "link": "https://www.serversupply.com/HOT SWAP CADDY-TRAY/SAS-SATA/3.5INCH/DELL/G302D_120686.htm",
      "category": "Home/HOT SWAP CADDY-TRAY/SAS-SATA/3.5INCH/G302D",
      "name": " Dell G302D PowerEdge Powervault Server Hard Drive Caddy Tray",
      "image": "http://www.serversuply.com//images/item/120686.jpg",
      "description": "DELL G302D ORIGINAL 3.5INCH SAS/SATA HARD DRIVE TRAY FOR DELL POWEREDGE. ",
      "availability": "IN STOCK",
      "mpn": "G302D",
      "sku": "120686",
      "brand": "DELL",
      "price": "35",
      "condition": "Refurbished",
      "seller": "Sever Supply",
      "full description": "Detail overview\r\nDell - Original 3.5inch Sas/sata Hard Drive Tray For Dell Poweredge.\r\n\r\ngeneral Information :\r\npart No. # G302d\r\nmanufacturer : Dell\r\n\r\ncompatibility:\r\npoweredge T710, T610, T410, T310, R710, R610, R510, R410, R310 Series Servers And Powervault Nx3000, Md3200 Sas/sata Arrays\r\n\r\nkey Features :\r\ncabinet Type : Internal Drive Case\r\nmodules Qty. : 1\r\n\r\nstorage Controller :\r\nsupported Devices : Hard Drive\r\ncase Interface : Sas-sata\r\n\r\ncondition : Refurbished.\r\navailability : In Stock\r\nour Warranty : 30 Days\r\n\r\nready To Ship Same Day"
    },
    {
      "link": "https://www.serversupply.com/HOT SWAP CADDY-TRAY/SAS-SATA/2.5INCH/DELL/85PPW_328885.htm",
      "category": "Home/HOT SWAP CADDY-TRAY/SAS-SATA/2.5INCH/85PPW",
      "name": " DELL 85PPW Hdd Tray Caddy 2.5 Sas Sata ",
      "image": "http://www.serversuply.com//images/item/328885.jpg",
      "description": "DELL 85PPW HDD TRAY CADDY 2.5 POWEREDGE MX740C  POWEREDGE MX840C  POWEREDGE XR2.   ",
      "availability": "IN STOCK",
      "mpn": "85PPW",
      "sku": "328885",
      "brand": "DELL",
      "price": "55",
      "condition": "Refurbished",
      "seller": "Sever Supply",
      "full description": "Detail overview\r\nDell 85ppw Hdd Tray Caddy 2.5 Poweredge Mx740c Poweredge Mx840c Poweredge Xr2.\r\n\r\ngeneral Information :\r\npart No. # 85ppw\r\nmanufacturer : Dell\r\n\r\ncondition : Refurbished.\r\navailability : In Stock\r\nour Warranty : 30 Days"
    },
    {
      "link": "https://www.serversupply.com/HOT SWAP CADDY-TRAY/SAS-SATA/3.5INCH/HP/79-00000523_233770.htm",
      "category": "Home/HOT SWAP CADDY-TRAY/SAS-SATA/3.5INCH/79-00000523",
      "name": " HP 79-00000523 3.5inch Sas-sata Hot Swap Caddy-tray",
      "image": "http://www.serversuply.com//images/item/233770.jpg",
      "description": "HP 79-00000523 3.5-INCH HARD DRIVE TRAY WITH  SAS / SATA(NEED INTERPOSER) TO FC FOR HP STORAGEWORKS / MSA STORAGE ARRAYS. ",
      "availability": "IN STOCK",
      "mpn": "79-00000523",
      "sku": "233770",
      "brand": "HP",
      "price": "55",
      "condition": "Refurbished",
      "seller": "Sever Supply",
      "full description": "Detail overview\r\nproduct: 3.5-inch Hard Drive Tray With Sas / Sata(need Interposer) To Fc For Hp Storageworks / Msa Storage Arrays.\r\n\r\ngeneral Information :\r\npart No. 79-00000523\r\n\r\ncondition : Refurbished\r\navailability : In Stock\r\nour Warranty : 30 Days"
    },
    {
      "link": "https://www.serversupply.com/HOT SWAP CADDY-TRAY/SAS-SATA/2.5INCH/DELL/4XX9R_316520.htm",
      "category": "Home/HOT SWAP CADDY-TRAY/SAS-SATA/2.5INCH/4XX9R",
      "name": " Dell 4XX9R Hard Drive Tray Caddy 2.5-inch SFF for PowerEdge",
      "image": "http://www.serversuply.com//images/item/316520.jpg",
      "description": "DELL 4XX9R HARD DRIVE TRAY CADDY 2.5 INCH SFF FOR DELL POWEREDGE. ",
      "availability": "IN STOCK",
      "mpn": "4XX9R",
      "sku": "316520",
      "brand": "DELL",
      "price": "55",
      "condition": "Refurbished",
      "seller": "Sever Supply",
      "full description": "Detail overview\r\nDell Hard Drive Tray Caddy 2.5 Inch Sff For Dell Poweredge.\r\n\r\ngeneral Information :\r\npart No. # 4xx9r\r\nmanufacturer : Dell\r\n\r\ncondition : Refurbished.\r\navailability : In Stock.\r\nour Warranty : 30 Days."
    },
    {
      "link": "https://www.serversupply.com/HOT SWAP CADDY-TRAY/SAS-SATA/3.5INCH/LENOVO/03X3835_316621.htm",
      "category": "Home/HOT SWAP CADDY-TRAY/SAS-SATA/3.5INCH/03X3835",
      "name": " Lenovo 03X3835 3.5&quot; SAS / SATA Hard Drive Caddy Tray",
      "image": "http://www.serversuply.com//images/item/316621.jpg",
      "description": "LENOVO 03X3835 3.5 SAS / SATA HARD DRIVE CADDY TRAY. ",
      "availability": "IN STOCK",
      "mpn": "03X3835",
      "sku": "316621",
      "brand": "LENOVO",
      "price": "55",
      "condition": "Refurbished",
      "seller": "Sever Supply",
      "full description": "Detail overview\r\nLenovo 03x3835 3.5 Sas / Sata Hard Drive Caddy Tray.\r\n\r\ngeneral Information :\r\npart No. # 03x3835\r\nmanufacturer : Lenovo\r\n\r\n\r\ncondition : Refurbished.\r\navailability : In Stock.\r\nour Warranty : 30 Days."
    },
    {
      "link": "https://www.serversupply.com/HOT SWAP CADDY-TRAY/SAS/3.5INCH/HP/60-272-02_359027.htm",
      "category": "Home/HOT SWAP CADDY-TRAY/SAS/3.5INCH/60-272-02",
      "name": " HP  60-272-02 Interposer SAS to Fibre Channel Dongle Interposer Board Converter",
      "image": "http://www.serversuply.com//images/item/359027.jpg",
      "description": "HP 60-272-02 INTERPOSER SAS TO FIBRE CHANNEL DONGLE INTERPOSER BOARD CONVERTER.  ",
      "availability": "IN STOCK",
      "mpn": "60-272-02",
      "sku": "359027",
      "brand": "HP",
      "price": "75",
      "condition": "Refurbished",
      "seller": "Sever Supply",
      "full description": "Detail overview\r\nproduct: Hp 60-272-02 Interposer Sas To Fibre Channel Dongle Interposer Board Converter.\r\n\r\ngeneral Information :\r\npart No. # 60-272-02\r\nmanufacturer : Hp\r\n\r\ncondition : Refurbished.\r\navailability : In Stock.\r\nour Warranty : 30 Days."
    },
    {
      "link": "https://www.serversupply.com/HOT SWAP CADDY-TRAY/SAS/3.5INCH/DELL/TXJTP-LFF_360567.htm",
      "category": "Home/HOT SWAP CADDY-TRAY/SAS/3.5INCH/TXJTP-LFF",
      "name": " Dell TXJTP lff CADDY 3.5 ME4084 ",
      "image": "http://www.serversuply.com//images/item/360567.jpg",
      "description": "DELL TXJTP ME4084 LFF TRAY FOR 3.5 INCH DRIVE WITH INTERPOSR. ",
      "availability": "IN STOCK",
      "mpn": "TXJTP-LFF",
      "sku": "360567",
      "brand": "DELL",
      "price": "130",
      "condition": "Refurbished",
      "seller": "Sever Supply",
      "full description": "Detail overview\r\ngeneral Information:\r\ndell Txjtp Me4084 Lff Tray For 3.5 Inch Drive With Interposr\r\n\r\n\r\ncondition : Refurbished.\r\navailability : In Stock.\r\nour Warranty : 30 Days."
    },
    {
      "link": "https://www.serversupply.com/HOT SWAP CADDY-TRAY/SAS/SSD KIT/DELL/7K18H_284821.htm",
      "category": "Home/HOT SWAP CADDY-TRAY/SAS/SSD KIT/7K18H",
      "name": " Dell 7K18H Hard Drive Bracket 2.5 Inch Sff Dell Poweredge",
      "image": "http://www.serversuply.com//images/item/284821.jpg",
      "description": "DELL 7K18H HARD DRIVE BRACKET 2.5 INCH SMALL FORM FACTOR SFF FOR DELL POWEREDGE FX2S / FD332 - TRAY / CADDY. ",
      "availability": "IN STOCK",
      "mpn": "7K18H",
      "sku": "284821",
      "brand": "DELL",
      "price": "140",
      "condition": "Refurbished",
      "seller": "Sever Supply",
      "full description": "Detail overview\r\nDell 7k18h Hard Drive Bracket 2.5 Inch Small Form Factor Sff For Dell Poweredge Fx2s / Fd332 - Tray / Caddy.\r\n\r\ngeneral Information :\r\npart No. # 7k18h\r\nmanufacturer : Dell\r\n\r\ncompatibility:\r\npoweredge Fx2s / Fd332\r\n\r\n\r\ncondition : Refurbished.\r\navailability : In Stock.\r\nour Warranty : 30 Days."
    },
    {
      "link": "https://www.serversupply.com/HOT SWAP CADDY-TRAY/SAS/2.5INCH/DELL/TXJTP-SFF_360575.htm",
      "category": "Home/HOT SWAP CADDY-TRAY/SAS/2.5INCH/TXJTP-SFF",
      "name": " Dell TXJTP sff CADDY 2.5 ME4084 ",
      "image": "http://www.serversuply.com//images/item/360575.jpg",
      "description": "DELL TXJTP ME4084 SFF TRAY FOR 2.5 INCH DRIVE WITH INTERPOSR. ",
      "availability": "IN STOCK",
      "mpn": "TXJTP-SFF",
      "sku": "360575",
      "brand": "DELL",
      "price": "150",
      "seller": "Sever Supply",
      "full description": "Detail overview\r\ngeneral Information:\r\ndell Txjtp Me4084 Sff Tray For 2.5 Inch Drive With Interposr.\r\n\r\n\r\ncondition : Refurbished.\r\navailability : In Stock.\r\nour Warranty : 30 Days."
    },
    {
      "link": "https://www.serversupply.com/HOT SWAP CADDY-TRAY/SAS-SATA/2.5INCH/DELL/9VWT3_328888.htm",
      "category": "Home/HOT SWAP CADDY-TRAY/SAS-SATA/2.5INCH/9VWT3",
      "name": " Dell 9VWT3 Powerege MX5016S Drive Tray w/Screws.",
      "image": "http://www.serversuply.com//images/item/328888.jpg",
      "description": "DELL 9VWT3 POWEREGE MX5016S DRIVE TRAY W/SCREWS.   ",
      "availability": "IN STOCK",
      "mpn": "9VWT3",
      "sku": "328888",
      "brand": "DELL",
      "price": "350",
      "condition": "Refurbished",
      "seller": "Sever Supply",
      "full description": "Detail overview\r\nDell 9vwt3 Powerege Mx5016s Drive Tray W/screws.\r\n\r\ngeneral Information :\r\npart No. # 9vwt3\r\nmanufacturer : Dell\r\n\r\ncondition : Refurbished.\r\navailability : In Stock.\r\nour Warranty : 30 Days."
    },
    {
      "link": "https://www.serversupply.com/HOT SWAP CADDY-TRAY/SAS-SATA/2.5INCH/DELL/4XX9R_316520.htm",
      "category": "Home/HOT SWAP CADDY-TRAY/SAS-SATA/2.5INCH/4XX9R",
      "name": " Dell 4XX9R Hard Drive Tray Caddy 2.5-inch SFF for PowerEdge",
      "image": "http://www.serversuply.com//images/item/316520.jpg",
      "description": "DELL 4XX9R HARD DRIVE TRAY CADDY 2.5 INCH SFF FOR DELL POWEREDGE. ",
      "availability": "IN STOCK",
      "mpn": "4XX9R",
      "sku": "316520",
      "brand": "DELL",
      "price": "55",
      "condition": "Refurbished",
      "seller": "Sever Supply",
      "full description": "Detail overview\r\nDell Hard Drive Tray Caddy 2.5 Inch Sff For Dell Poweredge.\r\n\r\ngeneral Information :\r\npart No. # 4xx9r\r\nmanufacturer : Dell\r\n\r\ncondition : Refurbished.\r\navailability : In Stock.\r\nour Warranty : 30 Days."
    },
    {
      "link": "https://www.serversupply.com/HOT SWAP CADDY-TRAY/SSD/2.5INCH/DELL/VR858_339212.htm",
      "category": "Home/HOT SWAP CADDY-TRAY/SSD/2.5INCH/VR858",
      "name": " Dell VR858 Genuine 2.5&quot; SSD Hard Drive Caddy Tray For Dell Storage SC5020",
      "image": "http://www.serversuply.com//images/item/339212.jpg",
      "description": "DELL VR858 GENUINE 2.5 SSD HARD DRIVE CADDY TRAY FOR DELL STORAGE SC5020. ",
      "availability": "IN STOCK",
      "mpn": "VR858",
      "sku": "339212",
      "brand": "DELL",
      "price": "35",
      "condition": "Refurbished",
      "seller": "Sever Supply",
      "full description": "Detail overview\r\nDell Vr858 Genuine 2.5 Ssd Hard Drive Caddy Tray For Dell Storage Sc5020\r\n\r\ngeneral Information :\r\npart No. # Vr858\r\nmanufacturer : Dell\r\n\r\ncondition : Refurbished.\r\navailability : In Stock\r\nour Warranty : 30 Days"
    },
    {
      "link": "https://www.serversupply.com/HOT SWAP CADDY-TRAY/SAS-SATA/2.5INCH/IBM/00E7600_318844.htm",
      "category": "Home/HOT SWAP CADDY-TRAY/SAS-SATA/2.5INCH/00E7600",
      "name": " IBM 00E7600 2.5&quot; Hdd Tray Caddy ",
      "image": "http://www.serversuply.com//images/item/318844.jpg",
      "description": "IBM 00E7600 2.5 HDD TRAY CADDY FOR X3850 S812L S822L X3250 X3550 M5/M6. IN STOCK         ",
      "availability": "IN STOCK",
      "mpn": "00E7600",
      "sku": "318844",
      "brand": "IBM",
      "price": "40",
      "condition": "Refurbished",
      "seller": "Sever Supply",
      "full description": "Detail overview\r\nproduct: 2.5 Hdd Tray Caddy For Ibm X3850 S812l S822l X3250 X3550 M5/m6.\r\n\r\ngeneral Information :\r\npart No. 00e7600\r\n\r\ncompatibility:\r\nthis Tray Is Compatible With Ibm X3850 S812l S822l X3250 X3550 M5/m6.\r\n\r\ncondition : Refurbished\r\navailability : In Stock\r\nour Warranty : 30 Days"
    },
    {
      "link": "https://www.serversupply.com/HOT SWAP CADDY-TRAY/SAS-SATA/2.5INCH/HP/378343-002_120589.htm",
      "category": "Home/HOT SWAP CADDY-TRAY/SAS-SATA/2.5INCH/378343-002",
      "name": " HP 378343-002 SFF 2.5-inch Sas-sata Drive Tray",
      "image": "http://www.serversuply.com//images/item/120589.jpg",
      "description": "HP 378343-002 TRAY FOR SFF SAS SATA HDD G5 G6 G7. ",
      "availability": "IN STOCK",
      "mpn": "378343-002 ",
      "sku": "120589",
      "brand": "HP",
      "price": "40",
      "condition": "Refurbished",
      "seller": "Sever Supply",
      "full description": "Detail overview\r\nHp- Tray For Sff Sas Sata Hdd G5 G6 G7.\r\n\r\ngeneral Information :\r\npart No. # 378343-002\r\nmanufacturer : Hp\r\n\r\ncondition : Refurbished.\r\navailability : In Stock.\r\nour Warranty : 30 Days."
    },
    {
      "link": "https://www.serversupply.com/HOT SWAP CADDY-TRAY/SAS/2.5INCH/IBM/49Y1881_259113.htm",
      "category": "Home/HOT SWAP CADDY-TRAY/SAS/2.5INCH/49Y1881",
      "name": " IBM - SAS 2.5 HOT SWAP HDD TRAY DS3500 (49Y1881). REFURBISHED. IN STOCK. ",
      "image": "http://www.serversuply.com//images/item/259113.jpg",
      "description": "IBM - SAS 2.5 HOT SWAP HDD TRAY DS3500 (49Y1881).  ",
      "availability": "IN STOCK",
      "mpn": "49Y1881",
      "sku": "259113",
      "brand": "IBM",
      "price": "35",
      "condition": "Refurbished",
      "seller": "Sever Supply",
      "full description": "Detail overview\r\nproduct : Sas 2.5 Hot Swap Hdd Tray Ds3500.\r\n\r\n\r\ngeneral Information :\r\npart No. # 49y1881\r\nmanufacturer : Ibm\r\n\r\ncondition : Refurbished.\r\navailability : In Stock.\r\nour Warranty : 30 Days."
    },
    {
      "link": "https://www.serversupply.com/HOT SWAP CADDY-TRAY/SAS-SATA/2.5INCH/HP/710386-001_348195.htm",
      "category": "Home/HOT SWAP CADDY-TRAY/SAS-SATA/2.5INCH/710386-001",
      "name": " HP 710386-001 3Par 2.5&quot; Hard drive tray SFF ",
      "image": "http://www.serversuply.com//images/item/348195.jpg",
      "description": "HP 710386-001 2.5 INCH SFF HOT SWAP SAS/SATA TRAY FOR HP 3PAR STORESERV 7000/7450.  ",
      "availability": "IN STOCK",
      "mpn": "710386-001",
      "sku": "348195",
      "brand": "HP",
      "price": "35",
      "condition": "Refurbished",
      "seller": "Sever Supply",
      "full description": "Detail overview\r\nHp 710386-001 2.5 Inch Sff Hot Swap Sas/sata Tray For Hp 3par Storeserv 7000/7450.\r\n\r\n\r\ncondition : Refurbished.\r\navailability : In Stock.\r\nour Warranty : 30 Days."
    },
    {
      "link": "https://www.serversupply.com/HOT SWAP CADDY-TRAY/SAS-SATA/2.5INCH/HP/574103-001_266705.htm",
      "category": "Home/HOT SWAP CADDY-TRAY/SAS-SATA/2.5INCH/574103-001",
      "name": " HP 574103-001 2.5inch Sas-sata Hot Swap Caddy-tray",
      "image": "http://www.serversuply.com//images/item/266705.jpg",
      "description": "HP 574103-001 2.5 SFF HARD DRIVE TRAY SLED WITH SCREWS FOR SL160 SL170 G6 G7.  ",
      "availability": "IN STOCK",
      "mpn": "574103-001",
      "sku": "266705",
      "brand": "HP",
      "price": "35",
      "condition": "Refurbished",
      "seller": "Sever Supply",
      "full description": "Detail overview\r\nhp - 2.5 Sff Hard Drive Tray Sled With Screws For Sl160 Sl170 G6 G7.\r\n\r\ngeneral Information :\r\npart No. # 574103-001\r\nmanufacturer : Hp\r\n\r\ncondition : Refurbished.\r\navailability : In Stock.\r\nour Warranty : 30 Days."
    },
    {
      "link": "https://www.serversupply.com/HOT SWAP CADDY-TRAY/SAS-SATA/3.5INCH/DELL/FJ21V_304753.htm",
      "category": "Home/HOT SWAP CADDY-TRAY/SAS-SATA/3.5INCH/FJ21V",
      "name": " DELL FJ21V R730XD 3.5 Internal Tray Csddy Braket.",
      "image": "http://www.serversuply.com//images/item/304753.jpg",
      "description": "DELL FJ21V R730XD 3.5 INTERNAL TRAY CADDY BRACKET. IN STOCK",
      "availability": "IN STOCK",
      "mpn": "FJ21V",
      "sku": "304753",
      "brand": "DELL",
      "price": "45",
      "condition": "Refurbished",
      "seller": "Sever Supply",
      "full description": "Detail overview\r\nDell Fj21v R730xd 3.5 Internal Tray Caddy Bracket.\r\n\r\ngeneral Information :\r\npart No. # Fj21v\r\nmanufacturer : Dell\r\n\r\ncondition : Refurbished.\r\navailability : In Stock.\r\nour Warranty : 30 Days."
    },
    {
      "link": "https://www.serversupply.com/HOT SWAP CADDY-TRAY/SAS/2.5INCH/DELL/TXJTP-SFF_360575.htm",
      "category": "Home/HOT SWAP CADDY-TRAY/SAS/2.5INCH/TXJTP-SFF",
      "name": " Dell TXJTP sff CADDY 2.5 ME4084 ",
      "image": "http://www.serversuply.com//images/item/360575.jpg",
      "description": "DELL TXJTP ME4084 SFF TRAY FOR 2.5 INCH DRIVE WITH INTERPOSR. ",
      "availability": "IN STOCK",
      "mpn": "TXJTP-SFF",
      "sku": "360575",
      "brand": "DELL",
      "price": "150",
      "seller": "Sever Supply",
      "full description": "Detail overview\r\ngeneral Information:\r\ndell Txjtp Me4084 Sff Tray For 2.5 Inch Drive With Interposr.\r\n\r\n\r\ncondition : Refurbished.\r\navailability : In Stock.\r\nour Warranty : 30 Days."
    },
    {
      "link": "https://www.serversupply.com/HOT SWAP CADDY-TRAY/SAS-SATA/2.5INCH/DELL/9VWT3_328888.htm",
      "category": "Home/HOT SWAP CADDY-TRAY/SAS-SATA/2.5INCH/9VWT3",
      "name": " Dell 9VWT3 Powerege MX5016S Drive Tray w/Screws.",
      "image": "http://www.serversuply.com//images/item/328888.jpg",
      "description": "DELL 9VWT3 POWEREGE MX5016S DRIVE TRAY W/SCREWS.   ",
      "availability": "IN STOCK",
      "mpn": "9VWT3",
      "sku": "328888",
      "brand": "DELL",
      "price": "350",
      "condition": "Refurbished",
      "seller": "Sever Supply",
      "full description": "Detail overview\r\nDell 9vwt3 Powerege Mx5016s Drive Tray W/screws.\r\n\r\ngeneral Information :\r\npart No. # 9vwt3\r\nmanufacturer : Dell\r\n\r\ncondition : Refurbished.\r\navailability : In Stock.\r\nour Warranty : 30 Days."
    },
    {
      "link": "https://www.serversupply.com/HOT SWAP CADDY-TRAY/SAS-SATA/3.5INCH/LENOVO/03X3835_316621.htm",
      "category": "Home/HOT SWAP CADDY-TRAY/SAS-SATA/3.5INCH/03X3835",
      "name": " Lenovo 03X3835 3.5&quot; SAS / SATA Hard Drive Caddy Tray",
      "image": "http://www.serversuply.com//images/item/316621.jpg",
      "description": "LENOVO 03X3835 3.5 SAS / SATA HARD DRIVE CADDY TRAY. ",
      "availability": "IN STOCK",
      "mpn": "03X3835",
      "sku": "316621",
      "brand": "LENOVO",
      "price": "55",
      "condition": "Refurbished",
      "seller": "Sever Supply",
      "full description": "Detail overview\r\nLenovo 03x3835 3.5 Sas / Sata Hard Drive Caddy Tray.\r\n\r\ngeneral Information :\r\npart No. # 03x3835\r\nmanufacturer : Lenovo\r\n\r\n\r\ncondition : Refurbished.\r\navailability : In Stock.\r\nour Warranty : 30 Days."
    },
    {
      "link": "https://www.serversupply.com/HOT SWAP CADDY-TRAY/SAS/3.5INCH/HP/60-272-02_359027.htm",
      "category": "Home/HOT SWAP CADDY-TRAY/SAS/3.5INCH/60-272-02",
      "name": " HP  60-272-02 Interposer SAS to Fibre Channel Dongle Interposer Board Converter",
      "image": "http://www.serversuply.com//images/item/359027.jpg",
      "description": "HP 60-272-02 INTERPOSER SAS TO FIBRE CHANNEL DONGLE INTERPOSER BOARD CONVERTER.  ",
      "availability": "IN STOCK",
      "mpn": "60-272-02",
      "sku": "359027",
      "brand": "HP",
      "price": "75",
      "condition": "Refurbished",
      "seller": "Sever Supply",
      "full description": "Detail overview\r\nproduct: Hp 60-272-02 Interposer Sas To Fibre Channel Dongle Interposer Board Converter.\r\n\r\ngeneral Information :\r\npart No. # 60-272-02\r\nmanufacturer : Hp\r\n\r\ncondition : Refurbished.\r\navailability : In Stock.\r\nour Warranty : 30 Days."
    },
    {
      "link": "https://www.serversupply.com/HOT SWAP CADDY-TRAY/SAS/3.5INCH/DELL/TXJTP-LFF_360567.htm",
      "category": "Home/HOT SWAP CADDY-TRAY/SAS/3.5INCH/TXJTP-LFF",
      "name": " Dell TXJTP lff CADDY 3.5 ME4084 ",
      "image": "http://www.serversuply.com//images/item/360567.jpg",
      "description": "DELL TXJTP ME4084 LFF TRAY FOR 3.5 INCH DRIVE WITH INTERPOSR. ",
      "availability": "IN STOCK",
      "mpn": "TXJTP-LFF",
      "sku": "360567",
      "brand": "DELL",
      "price": "130",
      "condition": "Refurbished",
      "seller": "Sever Supply",
      "full description": "Detail overview\r\ngeneral Information:\r\ndell Txjtp Me4084 Lff Tray For 3.5 Inch Drive With Interposr\r\n\r\n\r\ncondition : Refurbished.\r\navailability : In Stock.\r\nour Warranty : 30 Days."
    },
    {
      "link": "https://www.serversupply.com/HOT SWAP CADDY-TRAY/SAS-SATA/3.5INCH/DELL/G9146_111550.htm",
      "category": "Home/HOT SWAP CADDY-TRAY/SAS-SATA/3.5INCH/G9146",
      "name": " Dell G9146 3.5INCH Hard drive hot-plug tray ",
      "image": "http://www.serversuply.com//images/item/111550.jpg",
      "description": "DELL G9146 3.5INCH HOT SWAP SAS SATA HARD DRIVE TRAY SLED CADDY FOR POWEREDGE AND POWERVAULT SERVERS. ",
      "availability": "IN STOCK",
      "mpn": "G9146",
      "sku": "111550",
      "brand": "DELL",
      "price": "35",
      "condition": "Refurbished",
      "seller": "Sever Supply",
      "full description": "Detail overview\r\nproduct: 3.5inch Hot Swap Sas Sata Hard Drive Tray Sled Caddy For Poweredge And Powervault Servers.\r\n\r\ngeneral Information :\r\npart No. # G9146\r\nmanufacturer : Dell\r\n\r\ncompatibility: Poweredge 1900, 1950, 2900, 2950, 6900, 6950 Servers And Powervault Md1000 And Md3000 Storage Arrays\r\n\r\ncondition : Refurbished.\r\navailability : In Stock.\r\nour Warranty : 30 Days.\r\n\r\nready To Ship Same Day"
    },
    {
      "link": "https://www.serversupply.com/HOT SWAP CADDY-TRAY/SAS-SATA/3.5INCH/DELL/HGV5J_298536.htm",
      "category": "Home/HOT SWAP CADDY-TRAY/SAS-SATA/3.5INCH/HGV5J",
      "name": " Dell HGV5J Compellent LFF Factor 3.5 Caddy Tray",
      "image": "http://www.serversuply.com//images/item/298536.jpg",
      "description": "DELL HGV5J COMPELLENT SC280 EXPASION SHELVES LFF 3.5 DRIVE CADDY. ",
      "availability": "IN STOCK",
      "mpn": "HGV5J",
      "sku": "298536",
      "brand": "DELL",
      "price": "50",
      "condition": "Refurbished",
      "seller": "Sever Supply",
      "full description": "Detail overview\r\nDell Hgv5j Compellent Sc280 Expasion Shelves Lff 3.5 Drive Tray\r\n\r\n\r\ngeneral Information :\r\npart No. # Hgv5j\r\nmanufacturer : Dell\r\n\r\n\r\ncondition : Refurbished.\r\navailability : In Stock.\r\nour Warranty : 30 Days."
    },
    {
      "link": "https://www.serversupply.com/HOT SWAP CADDY-TRAY/SAS-SATA/2.5INCH/DELL/18KYH_162475.htm",
      "category": "Home/HOT SWAP CADDY-TRAY/SAS-SATA/2.5INCH/18KYH",
      "name": " Dell 18KYH 2.5inch Sas-sata Hot Swap Caddy-tray",
      "image": "http://www.serversuply.com//images/item/162475.jpg",
      "description": "DELL 18KYH EQUALLOGIC 2.5 INCH SFF SMALL FORM FACTOR HARD DISK CADDY CARRIER. ",
      "availability": "IN STOCK",
      "mpn": "18KYH",
      "sku": "162475",
      "brand": "DELL",
      "price": "35",
      "condition": "Refurbished",
      "seller": "Sever Supply",
      "full description": "Detail overview\r\nDell - Equallogic 2.5 Inch Sff Small Form Factor Hard Disk Caddy Carrier.\r\n\r\ngeneral Information :\r\npart No. # 18kyh\r\nmanufacturer : Dell\r\n\r\ncondition : Refurbished.\r\navailability : In Stock.\r\nour Warranty : 30 Days."
    },
    {
      "link": "https://www.serversupply.com/HOT SWAP CADDY-TRAY/SCSI/3.5INCH/HP/313370-001_119708.htm",
      "category": "Home/HOT SWAP CADDY-TRAY/SCSI/3.5INCH/313370-001",
      "name": " HP 313370-001 3.5inch SCSI Hot Swap Caddy-tray",
      "image": "http://www.serversuply.com//images/item/119708.jpg",
      "description": "HP 313370-001 ULTRA 2/3 UNIVERSAL CARRIER 1.6 INCH HARD DRIVE TRAY FOR PROLIANT SERVERS. ",
      "availability": "IN STOCK",
      "mpn": "313370-001",
      "sku": "119708",
      "brand": "HP",
      "price": "35",
      "condition": "Refurbished",
      "seller": "Sever Supply",
      "full description": "Detail overview\r\nHp - Ultra 2/3 Scsi Hot Swap Hard Drive Tray Sled Bracket For Proliant Servers.\r\n\r\ngeneral Information :\r\npart No. 313370-001\r\n\r\nkey Features :\r\ncabinet Type : Internal Drive Case\r\nmodules Qty. : 1\r\n\r\nstorage Controller :\r\nsupported Devices : Hard Drive\r\ncase Interface : Scsi\r\n\r\ncondition : Refurbished\r\navailability : In Stock\r\nour Warranty : 30 Days"
    },
    {
      "link": "https://www.serversupply.com/HOT SWAP CADDY-TRAY/SAS-SATA/3.5INCH/DELL/72CWN_293911.htm",
      "category": "Home/HOT SWAP CADDY-TRAY/SAS-SATA/3.5INCH/72CWN",
      "name": " Dell 72CWN Compellent Sc200 3.5&quot; SAS SATA Hard Drive Caddy Tray",
      "image": "http://www.serversuply.com//images/item/293911.jpg",
      "description": "DELL 72CWN COMPELLENT SC200 3.5 SAS SATA HARD DRIVE CADDY TRAY. ",
      "availability": "IN STOCK",
      "mpn": "72CWN",
      "sku": "293911",
      "brand": "DELL",
      "price": "35",
      "condition": "Refurbished",
      "seller": "Sever Supply",
      "full description": "Detail overview\r\nproduct: Dell 72cwn Compellent Sc200 3.5 Sas Sata Hard Drive Caddy Tray.\r\n\r\n\r\ngeneral Information :\r\npart No. # 72cwn\r\nmanufacturer : Dell\r\n\r\n\r\ncondition : Refurbished.\r\navailability : In Stock.\r\nour Warranty : 30 Days."
    },
    {
      "link": "https://www.serversupply.com/HOT SWAP CADDY-TRAY/SAS-SATA/3.5INCH/DELL/4PRKG_236627.htm",
      "category": "Home/HOT SWAP CADDY-TRAY/SAS-SATA/3.5INCH/4PRKG",
      "name": " Dell 4PRKG EqualLogic 3.5-inch SAS/SATA Hot-pluggable Caddy Tray Sled",
      "image": "http://www.serversuply.com//images/item/236627.jpg",
      "description": "DELL 4PRKG EQUALLOGIC 3.5IN SAS / SATA HOT SWAP CADDY TRAY SLED. ",
      "availability": "IN STOCK",
      "mpn": "4PRKG",
      "sku": "236627",
      "brand": "DELL",
      "price": "35",
      "condition": "Refurbished",
      "seller": "Sever Supply",
      "full description": "Detail overview\r\nproduct: Equallogic 3.5in Sas / Sata Hot Swap Caddy Tray Sled.\r\n\r\ngeneral Information :\r\npart No. # 4prkg\r\nmanufacturer : Dell\r\n\r\n\r\ncondition : Refurbished.\r\navailability : In Stock.\r\nour Warranty : 30 Days."
    },
    {
      "link": "https://www.serversupply.com/HOT SWAP CADDY-TRAY/SAS-SATA/3.5INCH/DELL/Y79JP_236626.htm",
      "category": "Home/HOT SWAP CADDY-TRAY/SAS-SATA/3.5INCH/Y79JP",
      "name": " Dell Y79JP EqualLogic 3.5-inch SAS/SATA Hot-pluggable Caddy Tray Sled",
      "image": "http://www.serversuply.com//images/item/236626.jpg",
      "description": "DELL Y79JP EQUALLOGIC 3.5IN SAS / SATA HOT SWAP CADDY TRAY SLED. ",
      "availability": "IN STOCK",
      "mpn": "Y79JP",
      "sku": "236626",
      "brand": "DELL",
      "price": "35",
      "condition": "Refurbished",
      "seller": "Sever Supply",
      "full description": "Detail overview\r\nproduct: Equallogic 3.5in Sas / Sata Hot Swap Caddy Tray Sled.\r\n\r\ngeneral Information :\r\npart No. # Y79jp\r\nmanufacturer : Dell\r\n\r\n\r\ncondition : Refurbished.\r\navailability : In Stock.\r\nour Warranty : 30 Days."
    },
    {
      "link": "https://www.serversupply.com/HOT SWAP CADDY-TRAY/SAS-SATA/3.5INCH/DELL/J105C_147901.htm",
      "category": "Home/HOT SWAP CADDY-TRAY/SAS-SATA/3.5INCH/J105C",
      "name": " Dell J105C 3.5INCH Hard drive hot-plug tray ",
      "image": "http://www.serversuply.com//images/item/147901.jpg",
      "description": "DELL J105C 3.5 INCH HOT SWAP SAS SATA HARD DRIVE TRAY. ",
      "availability": "IN STOCK",
      "mpn": "J105C",
      "sku": "147901",
      "brand": "DELL",
      "price": "35",
      "condition": "Refurbished",
      "seller": "Sever Supply",
      "full description": "Detail overview\r\nDell - 3.5 Inch Hot Swap Sas Sata Hard Drive Tray.\r\n\r\ngeneral Information :\r\npart No. # J105c\r\nmanufacturer : Dell\r\n\r\ncondition : Refurbished.\r\navailability : In Stock.\r\nour Warranty : 30 Days.\r\n\r\nready To Ship Same Day"
    },
    {
      "link": "https://www.serversupply.com/HOT SWAP CADDY-TRAY/SAS-SATA/3.5INCH/HP/774026-001_331785.htm",
      "category": "Home/HOT SWAP CADDY-TRAY/SAS-SATA/3.5INCH/774026-001",
      "name": " HP 774026-001 Apollo 4200 Gen9 / Gen10 3.5&quot; SAS / SATA  Hard Drive Caddy Tray LFF ",
      "image": "http://www.serversuply.com//images/item/331785.jpg",
      "description": "HP 774026-001 APOLLO 4200 GEN9/GEN10 LFF SAS/SATA DRIVE TRAYS. ",
      "availability": "IN STOCK",
      "mpn": "774026-001",
      "sku": "331785",
      "brand": "HP",
      "price": "45",
      "condition": "Refurbished",
      "seller": "Sever Supply",
      "full description": "Detail overview\r\nHp - 774026-001 Apollo 4200 Gen9/gen10 Lff Sas/sata Drive Trays.\r\n\r\ngeneral Information :\r\npart No. # 774026-001\r\nmanufacturer : Hp\r\n\r\n\r\ncondition : Refurbished.\r\navailability : In Stock.\r\nour Warranty : 30 Days."
    },
    {
      "link": "https://www.serversupply.com/HOT SWAP CADDY-TRAY/SAS-SATA/3.5INCH/HP/574097-001_266947.htm",
      "category": "Home/HOT SWAP CADDY-TRAY/SAS-SATA/3.5INCH/574097-001",
      "name": " HP 574097-001 3.5inch Sas-sata Hot Swap Caddy-tray",
      "image": "http://www.serversuply.com//images/item/266947.jpg",
      "description": "HP 574097-001 3.5 LFF HARD DRIVE TRAY WITH SCREWS FOR SL160. IN STOCK   ",
      "availability": "IN STOCK",
      "mpn": "574097-001",
      "sku": "266947",
      "brand": "HP",
      "price": "35",
      "condition": "Refurbished",
      "seller": "Sever Supply",
      "full description": "Detail overview\r\nproduct: Hp- 3.5 Lff Hard Drive Tray With Screws For Sl160.\r\n\r\ngeneral Information :\r\npart No. 574097-001\r\n\r\n\r\ncondition : Refurbished\r\navailability : In Stock\r\nour Warranty : 30 Days"
    },
    {
      "link": "https://www.serversupply.com/HOT SWAP CADDY-TRAY/SATA/3.5INCH/DELL/63T9G_259119.htm",
      "category": "Home/HOT SWAP CADDY-TRAY/SATA/3.5INCH/63T9G",
      "name": " Dell 63T9G 3.5Inch Sas-sata Hot Swap Caddy-tray",
      "image": "http://www.serversuply.com//images/item/259119.jpg",
      "description": "DELL 63T9G ORIGINAL 3.5 IN SAS/SATA TRAY CARRIER. ",
      "availability": "IN STOCK",
      "mpn": "63T9G",
      "sku": "259119",
      "brand": "DELL",
      "price": "35",
      "condition": "Refurbished",
      "seller": "Sever Supply",
      "full description": "Detail overview\r\nDell - Original 3.5 In Sas/sata Tray Carrier.\r\n\r\ngeneral Information :\r\npart No. # 63t9g\r\nmanufacturer : Dell\r\n\r\ncompatibility:\r\npoweredge T710, T610, T410, T310, R710, R720, R610, R510, R410, R310 Series Servers And Powervault Nx3000, Md3200 Sas/sata Arrays\r\n\r\nkey Features :\r\ncabinet Type : Internal Drive Case\r\nmodules Qty. : 1\r\n\r\nstorage Controller :\r\nsupported Devices : Hard Drive\r\ncase Interface : Sas-sata\r\n\r\n\r\ncondition : Refurbished\r\navailability : In Stock\r\nour Warranty : 30 Days"
    },
    {
      "link": "https://www.serversupply.com/HOT SWAP CADDY-TRAY/SCSI/3.5INCH/DELL/G7267_148006.htm",
      "category": "Home/HOT SWAP CADDY-TRAY/SCSI/3.5INCH/G7267",
      "name": " Dell G7267 3.5inch SCSI Hot Swap Caddy-tray",
      "image": "http://www.serversuply.com//images/item/148006.jpg",
      "description": "DELL G7267 SCSI HOT SWAP HARD DRIVE SLED TRAY BRACKET FOR POWEREDGE AND POWERVAULT SERVERS. ",
      "availability": "IN STOCK",
      "mpn": "G7267",
      "sku": "148006",
      "brand": "DELL",
      "price": "35",
      "condition": "Refurbished",
      "seller": "Sever Supply",
      "full description": "Detail overview\r\nDell - Scsi Hot Swap Hard Drive Sled Tray Bracket For Poweredge And Powervault Servers.\r\n\r\ngeneral Information :\r\npart No. # G7267\r\nmanufacturer : Dell\r\n\r\ncondition : Refurbished\r\navailability : In Stock\r\nour Warranty : 30 Days\r\n\r\nready To Ship Same Day"
    },
    {
      "link": "https://www.serversupply.com/HOT SWAP CADDY-TRAY/SCSI/3.5INCH/DELL/51TJV_83359.htm",
      "category": "Home/HOT SWAP CADDY-TRAY/SCSI/3.5INCH/51TJV",
      "name": " Dell 51TJV 3.5inch SCSI Hot Swap Caddy-tray ",
      "image": "http://www.serversuply.com//images/item/83359.jpg",
      "description": "DELL 51TJV SCSI HARD DRIVE BLANK TRAY CADDY SLED FOR POWEREDGE AND POWERVAULT SERVER. ",
      "availability": "IN STOCK",
      "mpn": "51TJV",
      "sku": "83359",
      "brand": "DELL",
      "price": "35",
      "condition": "Refurbished",
      "seller": "Sever Supply",
      "full description": "Detail overview\r\nproduct: Scsi Hard Drive Blank Tray Caddy Sled For Poweredge And Powervault Server.\r\n\r\ngeneral Information :\r\npart No. # 51tjv\r\nmanufacturer : Dell\r\n\r\ncondition : Refurbished\r\navailability : In Stock\r\nour Warranty : 30 Days"
    },
    {
      "link": "https://www.serversupply.com/HOT SWAP CADDY-TRAY/SAS-SATA/3.5INCH/HP/335536-001_117292.htm",
      "category": "Home/HOT SWAP CADDY-TRAY/SAS-SATA/3.5INCH/335536-001",
      "name": " HP 335536-001 3.5Inch Sas-sata Hot Swap Caddy-tray",
      "image": "http://www.serversuply.com//images/item/117292.jpg",
      "description": "HP 335536-001 SAS SATA HDD TRAY 3.5 W/ SCREWS. ",
      "availability": "IN STOCK",
      "mpn": "335536-001",
      "sku": "117292",
      "brand": "HP",
      "price": "35",
      "condition": "Refurbished",
      "seller": "Sever Supply",
      "full description": "Detail overview\r\nHp - Sas Sata Hdd Tray 3.5 W/ Screws.\r\n\r\ngeneral Information :\r\npart No. # 335536-001\r\n\r\ncondition : Refurbished\r\navailability : In Stock\r\nour Warranty : 30 Days"
    },
    {
      "link": "https://www.serversupply.com/HOT SWAP CADDY-TRAY/FIBRE CHANNEL/3.5INCH/IBM/39M6036_234494.htm",
      "category": "Home/HOT SWAP CADDY-TRAY/FIBRE CHANNEL/3.5INCH/39M6036",
      "name": " IBM 39M6036 3.5INCH FC HARD DRIVE TRAY/ CADDY. REFURBISHED. IN STOCK.",
      "image": "http://www.serversuply.com//images/item/234494.jpg",
      "description": "IBM 39M6036 3.5INCH FC HARD DRIVE TRAY/ CADDY. ",
      "availability": "IN STOCK",
      "mpn": "39M6036",
      "sku": "234494",
      "brand": "IBM",
      "price": "35",
      "condition": "Refurbished",
      "seller": "Sever Supply",
      "full description": "Detail overview\r\nproduct: 3.5inch Fc Hard Drive Tray/caddy.\r\n\r\ngeneral Information :\r\npart No. # 39m6036\r\nmanufacturer : Ibm\r\n\r\ncompatibility:\r\nds4700 Ds4800 Ds5000\r\n\r\ncondition : Refurbished.\r\navailability : In Stock.\r\nour Warranty : 30 Days."
    },
    {
      "link": "https://www.serversupply.com/HOT SWAP CADDY-TRAY/SAS-SATA/3.5INCH/DELL/058CWC_342570.htm",
      "category": "Home/HOT SWAP CADDY-TRAY/SAS-SATA/3.5INCH/058CWC",
      "name": " Dell 58CWC 3.5Inch Sas-sata Hot Swap Caddy-tray",
      "image": "http://www.serversuply.com//images/item/342570.jpg",
      "description": "DELL 058CWC ORIGINAL 3.5 IN SAS/SATA  TRAY CARRIER (58CWC). ",
      "availability": "IN STOCK",
      "mpn": "058CWC",
      "sku": "342570",
      "brand": "DELL",
      "price": "30",
      "condition": "Refurbished",
      "seller": "Sever Supply",
      "full description": "Detail overview\r\nDell - Original 3.5 In Sas/sata Tray Carrier.\r\n\r\ngeneral Information :\r\npart No. # 058cwc\r\nmanufacturer : Dell\r\n\r\ncompatibility:\r\npoweredge T710, T610, T410, T310, R710, R720, R610, R510, R410, R310 Series Servers And Powervault Nx3000, Md3200 Sas/sata Arrays\r\n\r\nkey Features :\r\ncabinet Type : Internal Drive Case\r\nmodules Qty. : 1\r\n\r\nstorage Controller :\r\nsupported Devices : Hard Drive\r\ncase Interface : Sas-sata\r\n\r\ncondition : Refurbished\r\navailability : In Stock\r\nour Warranty : 30 Days\r\n\r\nready To Ship Same Day"
    },
    {
      "link": "https://www.serversupply.com/HOT SWAP CADDY-TRAY/SAS/3.5INCH/DELL/HDKWG_216253.htm",
      "category": "Home/HOT SWAP CADDY-TRAY/SAS/3.5INCH/HDKWG",
      "name": " Dell HDKWG 3.5Inch Sas-sata Hot Swap Caddy-tray",
      "image": "http://www.serversuply.com//images/item/216253.jpg",
      "description": "DELL HDKWG ORIGINAL 3.5 IN SAS/SATA  TRAY CARRIER. ",
      "availability": "IN STOCK",
      "mpn": "HDKWG",
      "sku": "216253",
      "brand": "DELL",
      "price": "30",
      "condition": "Refurbished",
      "seller": "Sever Supply",
      "full description": "Detail overview\r\nDell - Original 3.5 In Sas/sata Tray Carrier.\r\n\r\ngeneral Information :\r\npart No. # Hdkwg\r\nmanufacturer : Dell\r\n\r\ncompatibility:\r\npoweredge T710, T610, T410, T310, R710, R720, R610, R510, R410, R310 Series Servers And Powervault Nx3000, Md3200 Sas/sata Arrays\r\n\r\nkey Features :\r\ncabinet Type : Internal Drive Case\r\nmodules Qty. : 1\r\n\r\nstorage Controller :\r\nsupported Devices : Hard Drive\r\ncase Interface : Sas-sata\r\n\r\ncondition : Refurbished\r\navailability : In Stock\r\nour Warranty : 30 Days\r\n\r\nready To Ship Same Day"
    },
    {
      "link": "https://www.serversupply.com/HOT SWAP CADDY-TRAY/SAS/SSD KIT/DELL/7K18H_284821.htm",
      "category": "Home/HOT SWAP CADDY-TRAY/SAS/SSD KIT/7K18H",
      "name": " Dell 7K18H Hard Drive Bracket 2.5 Inch Sff Dell Poweredge",
      "image": "http://www.serversuply.com//images/item/284821.jpg",
      "description": "DELL 7K18H HARD DRIVE BRACKET 2.5 INCH SMALL FORM FACTOR SFF FOR DELL POWEREDGE FX2S / FD332 - TRAY / CADDY. ",
      "availability": "IN STOCK",
      "mpn": "7K18H",
      "sku": "284821",
      "brand": "DELL",
      "price": "140",
      "condition": "Refurbished",
      "seller": "Sever Supply",
      "full description": "Detail overview\r\nDell 7k18h Hard Drive Bracket 2.5 Inch Small Form Factor Sff For Dell Poweredge Fx2s / Fd332 - Tray / Caddy.\r\n\r\ngeneral Information :\r\npart No. # 7k18h\r\nmanufacturer : Dell\r\n\r\ncompatibility:\r\npoweredge Fx2s / Fd332\r\n\r\n\r\ncondition : Refurbished.\r\navailability : In Stock.\r\nour Warranty : 30 Days."
    },
    {
      "link": "https://www.serversupply.com/HOT SWAP CADDY-TRAY/SCSI/3.5INCH/DELL/1F912_90626.htm",
      "category": "Home/HOT SWAP CADDY-TRAY/SCSI/3.5INCH/1F912",
      "name": " Dell 1F912 3.5Inch SCSI Hot Swap Caddy-tray",
      "image": "http://www.serversuply.com//images/item/90626.jpg",
      "description": "DELL 1F912 HOT SWAP SCSI HARD DRIVE TRAY SLED BRACKET FOR POWEREDGE AND POWERVAULT SERVERS. ",
      "availability": "IN STOCK",
      "mpn": "1F912",
      "sku": "90626",
      "brand": "DELL",
      "price": "30",
      "condition": "Refurbished",
      "seller": "Sever Supply",
      "full description": "Detail overview\r\nproduct: Hot Swap Scsi Hard Drive Tray Sled Bracket For Poweredge And Powervault Servers.\r\n\r\ngeneral Information :\r\npart No. # 1f912\r\nmanufacturer : Dell\r\n\r\ncompatibility:\r\npoweredge Server 1500 1550 2300 2400 2450 2500 2550 4300 4350 4400 6300 6350 6400 6450 7150 8450 Series And Powervault Server 200s 201s 211s 750n Scsi Disk Storage Arrays\r\n\r\nkey Features :\r\ncabinet Type : Internal Drive Case\r\nmodules Qty. : 1\r\n\r\nstorage Controller :\r\nsupported Devices : Hard Drive\r\n\r\ncondition : Refurbished\r\navailability : In Stock\r\nour Warranty : 30 Days\r\n\r\nready To Ship Same Day"
    },
    {
      "link": "https://www.serversupply.com/HOT SWAP CADDY-TRAY/SAS-SATA/3.5INCH/HP/335537-001_117295.htm",
      "category": "Home/HOT SWAP CADDY-TRAY/SAS-SATA/3.5INCH/335537-001",
      "name": " HP 335537-001 3.5Inch Sas-sata Hot Swap Caddy-tray",
      "image": "http://www.serversuply.com//images/item/117295.jpg",
      "description": "HP 335537-001 PROLIANT SAS SATA TRAY CARRIER 3.5IN.  ",
      "availability": "IN STOCK",
      "mpn": "335537-001",
      "sku": "117295",
      "brand": "HP",
      "price": "35",
      "condition": "Refurbished",
      "seller": "Sever Supply",
      "full description": "Detail overview\r\nHp - Proliant Sas Sata Tray Carrier 3.5in.\r\n\r\ngeneral Information :\r\npart No. #335537-001\r\nmanufacturer : Hp\r\n\r\nstorage Controller :\r\nsupported Devices : Hard Drive\r\ncase Interface :sas-sata\r\n\r\ncondition : Refurbished\r\navailability : In Stock\r\nour Warranty : 30 Days"
    },
    {
      "link": "https://www.serversupply.com/HOT SWAP CADDY-TRAY/SCSI/3.5INCH/IBM/39Y8998_102266.htm",
      "category": "Home/HOT SWAP CADDY-TRAY/SCSI/3.5INCH/39Y8998",
      "name": " IBM 39Y8998 3.5&quot; U320 Scsi SSL H/S Hdd Tray",
      "image": "http://www.serversuply.com//images/item/102266.jpg",
      "description": "IBM 39Y8998 ULTRA 320 HOT SWAP SUPER SLIM HARD DRIVE TRAY FOR ESERVER XSERIES. ",
      "availability": "IN STOCK",
      "mpn": "39Y8998",
      "sku": "102266",
      "brand": "IBM",
      "price": "35",
      "condition": "Refurbished",
      "seller": "Sever Supply",
      "full description": "Detail overview\r\nproduct: Ultra 320 Hot Swap Super Slim Hard Drive Tray For Eserver Xseries.\r\n\r\ngeneral Information :\r\npart No. # 39y8998\r\nmanufacturer : Ibm\r\n\r\ncondition : Refurbished\r\navailability : In Stock\r\nour Warranty : 30 Days"
    },
    {
      "link": "https://www.serversupply.com/HOT SWAP CADDY-TRAY/SCSI/3.5INCH/SUN/540-3024_54663.htm",
      "category": "Home/HOT SWAP CADDY-TRAY/SCSI/3.5INCH/540-3024",
      "name": " Sun 540-3024 SCSI Spud Hot-swap Tray",
      "image": "http://www.serversuply.com//images/item/54663.jpg",
      "description": "SUN 540-3024 ORIGINAL 1INCH HOT SWAP SPUD SCSI HARD DRIVE TRAY SLED BRACKET FOR SUN MICRO ULTRA ENTERPRISE NETRA AND BLADE SERVERS.  MIN ORDER 2 PS.",
      "availability": "IN STOCK",
      "mpn": "540-3024",
      "sku": "54663",
      "brand": "SUN",
      "price": "35",
      "condition": "Refurbished",
      "seller": "Sever Supply",
      "full description": "Detail overview\r\nproduct: Original 1inch Hot Swap Spud Scsi Hard Drive Tray Sled Bracket For Sun Micro Ultra Enterprise Netra And Blade Servers.\r\n\r\ngeneral Information :\r\npart No. # 540-3024\r\nmanufacturer : Sun\r\n\r\nkey Features :\r\nmodules Qty. : 1\r\n\r\nstorage Controller :\r\nsupported Devices : Hard Drive\r\n\r\ncondition : Refurbished\r\navailability : In Stock\r\nour Warranty : 30 Days\r\n\r\nready To Ship Same Day"
    },
    {
      "link": "https://www.serversupply.com/HOT SWAP CADDY-TRAY/SAS-SATA/3.5INCH/SUPERMICRO/SC93301_174637.htm",
      "category": "Home/HOT SWAP CADDY-TRAY/SAS-SATA/3.5INCH/SC93301",
      "name": " SUPERMICRO 01-SC93301 3.5inch Sas-sata Hot Swap Caddy-tray",
      "image": "http://www.serversuply.com//images/item/174637.jpg",
      "description": "SUPERMICRO - 3.5 INCH SAS/SATA HOT-SWAP HARD DISK DRIVE TRAY(SC93301). ",
      "availability": "IN STOCK",
      "mpn": "SC93301",
      "sku": "174637",
      "brand": "SUPERMICRO",
      "price": "40",
      "condition": "Refurbished",
      "seller": "Sever Supply",
      "full description": "Detail overview\r\nSupermicro - 3.5 Inch Sas/sata Hot-swap Hard Disk Drive Tray.\r\n\r\ngeneral Information :\r\npart No. # Sc93301\r\nmanufacturer :supermicro\r\n\r\ncondition : Refurbished.\r\navailability : In Stock.\r\nour Warranty : 30 Days."
    },
    {
      "link": "https://www.serversupply.com/HOT SWAP CADDY-TRAY/SAS-SATA/2.5INCH/IBM/44T2216_122132.htm",
      "category": "Home/HOT SWAP CADDY-TRAY/SAS-SATA/2.5INCH/44T2216",
      "name": " IBM 44T2216 2.5inch Sas-sata Hot Swap Caddy-tray",
      "image": "http://www.serversuply.com//images/item/122132.jpg",
      "description": "IBM 44T2216 2.5 INCH SAS HOT SWAP TRAY. ",
      "availability": "IN STOCK",
      "mpn": "44T2216",
      "sku": "122132",
      "brand": "IBM",
      "price": "30",
      "condition": "Refurbished",
      "seller": "Sever Supply",
      "full description": "Detail overview\r\nIbm - 2.5 Inch Sas Hot Swap Tray.\r\n\r\ngeneral Information :\r\npart No. # 44t2216\r\nmanufacturer : Ibm\r\n\r\nstorage Controller :\r\nsupported Devices : Hard Drive\r\ncase Interface : Sas\r\n\r\ncondition : Refurbished.\r\navailability : In Stock.\r\nour Warranty : 30 Days."
    },
    {
      "link": "https://www.serversupply.com/HOT SWAP CADDY-TRAY/SAS-SATA/2.5INCH/HP/500223-001_173314.htm",
      "category": "Home/HOT SWAP CADDY-TRAY/SAS-SATA/2.5INCH/44T2216",
      "name": " IBM 44T2216 2.5inch Sas-sata Hot Swap Caddy-tray",
      "image": "http://www.serversuply.com//images/item/122132.jpg",
      "description": "IBM 44T2216 2.5 INCH SAS HOT SWAP TRAY. ",
      "availability": "IN STOCK",
      "mpn": "44T2216",
      "sku": "122132",
      "brand": "IBM",
      "price": "30",
      "condition": "Refurbished",
      "seller": "Sever Supply",
      "full description": "Detail overview\r\nIbm - 2.5 Inch Sas Hot Swap Tray.\r\n\r\ngeneral Information :\r\npart No. # 44t2216\r\nmanufacturer : Ibm\r\n\r\nstorage Controller :\r\nsupported Devices : Hard Drive\r\ncase Interface : Sas\r\n\r\ncondition : Refurbished.\r\navailability : In Stock.\r\nour Warranty : 30 Days."
    },
    {
      "link": "https://www.serversupply.com/HOT SWAP CADDY-TRAY/SAS-SATA/2.5INCH/HP/652991-001_210677.htm",
      "category": "Home/HOT SWAP CADDY-TRAY/SAS-SATA/2.5INCH/652991-001",
      "name": " HP 652991-001 2.5inch Sas-sata Hot Swap Caddy-tray",
      "image": "http://www.serversuply.com//images/item/210677.jpg",
      "description": "HP 652991-001 HARD DRIVE BLANK / FILLER 2.5 INCH SMALL FORM FACTOR SFF FOR HP PROLIANT BL420C G8 / BL660C G8 / DL160 G8 / DL360P G8 / DL380P G8.  ",
      "availability": "IN STOCK",
      "mpn": "652991-001",
      "sku": "210677",
      "brand": "HP",
      "price": "35",
      "condition": "Refurbished",
      "seller": "Sever Supply",
      "full description": "Detail overview\r\nhp -hard Drive Blank / Filler 2.5 Inch Small Form Factor Sff For Hp Proliant Bl420c G8 / Bl660c G8 / Dl160 G8 / Dl360p G8 / Dl380p G8(652991-001).b>\r\n\r\n\r\ncondition : Refurbished.\r\navailability : In Stock.\r\nour Warranty : 30 Days."
    },
    {
      "link": "https://www.serversupply.com/HOT SWAP CADDY-TRAY/SAS-SATA/2.5INCH/DELL/8V76H_173525.htm",
      "category": "Home/HOT SWAP CADDY-TRAY/SAS-SATA/2.5INCH/8V76H",
      "name": " Dell 8V76H SFF 2.5 Caddy",
      "image": "http://www.serversuply.com//images/item/173525.jpg",
      "description": "DELL 8V76H 2.5 INCH SAS/SATA HARD DRIVE TRAY. ",
      "availability": "IN STOCK",
      "mpn": "8V76H",
      "sku": "173525",
      "brand": "DELL",
      "price": "30",
      "condition": "Refurbished",
      "seller": "Sever Supply",
      "full description": "Detail overview\r\nDell - 2.5 Inch Sas/sata Hard Drive Tray.\r\n\r\ngeneral Information :\r\npart No. # 8v76h\r\nmanufacturer : Dell\r\n\r\ncondition : Refurbished\r\navailability : In Stock\r\nour Warranty : 30 Days"
    },
    {
      "link": "https://www.serversupply.com/HOT SWAP CADDY-TRAY/SAS-SATA/2.5INCH/DELL/0G176J_216262.htm",
      "category": "Home/HOT SWAP CADDY-TRAY/SAS-SATA/2.5INCH/0G176J",
      "name": " Dell 0G176J 2.5inch Sas-sata Hot Swap Caddy-tray",
      "image": "http://www.serversuply.com//images/item/216262.jpg",
      "description": "DELL 0G176J 2.5 INCH SAS/SATA HARD DRIVE TRAY. ",
      "availability": "IN STOCK",
      "mpn": "0G176J",
      "sku": "216262",
      "brand": "DELL",
      "price": "30",
      "condition": "Refurbished",
      "seller": "Sever Supply",
      "full description": "Detail overview\r\nproduct: Dell 2.5 Inch Sas/sata Hard Drive Tray.\r\n\r\ngeneral Information :\r\npart No. # 0g176j\r\nmanufacturer : Dell\r\n\r\ncompatibility:\r\ndell Poweredge R410, T410, R610, T610, R710, T710, M600, M605, M610, M710, M805, M905, M1000e, Md1120 Storage Arrays\r\n\r\ncondition : Refurbished.\r\navailability : In Stock.\r\nour Warranty : 30 Days.\r\n\r\nready To Ship Same Day"
    },
    {
      "link": "https://www.serversupply.com/HOT SWAP CADDY-TRAY/SAS-SATA/2.5INCH/DELL/0G281D_216261.htm",
      "category": "Home/HOT SWAP CADDY-TRAY/SAS-SATA/2.5INCH/0G281D",
      "name": " Dell 0G281D 2.5inch Sas-sata Hot Swap Caddy-tray",
      "image": "http://www.serversuply.com//images/item/216261.jpg",
      "description": "DELL 0G281D 2.5 INCH SAS/SATA HARD DRIVE TRAY. ",
      "availability": "IN STOCK",
      "mpn": "0G281D",
      "sku": "216261",
      "brand": "DELL",
      "price": "30",
      "condition": "Refurbished",
      "seller": "Sever Supply",
      "full description": "Detail overview\r\nproduct: Dell 2.5 Inch Sas/sata Hard Drive Tray.\r\n\r\ngeneral Information :\r\npart No. # 0g281d\r\nmanufacturer : Dell\r\n\r\ncompatibility:\r\ndell Poweredge R410, T410, R610, T610, R710, T710, M600, M605, M610, M710, M805, M905, M1000e, Md1120 Storage Arrays\r\n\r\ncondition : Refurbished.\r\navailability : In Stock.\r\nour Warranty : 30 Days.\r\n\r\nready To Ship Same Day"
    },
    {
      "link": "https://www.serversupply.com/HOT SWAP CADDY-TRAY/SAS/2.5INCH/IBM/45W8687_227159.htm",
      "category": "Home/HOT SWAP CADDY-TRAY/SAS/2.5INCH/45W8687",
      "name": "  IBM 45W8687 2.5&quot; SAS HDD Hard Drive Tray Caddy for Storwize V3700 V3500",
      "image": "http://www.serversuply.com//images/item/227159.jpg",
      "description": "IBM 45W8687 2.5-INCH SAS LONG HARD DRIVE TRAY FOR DS8000. ",
      "availability": "IN STOCK",
      "mpn": "45W8687",
      "sku": "227159",
      "brand": "IBM",
      "price": "35",
      "condition": "Refurbished",
      "seller": "Sever Supply",
      "full description": "Detail overview\r\nproduct: 2.5-inch Sas Long Hard Drive Tray For Ds8000.\r\n\r\n\r\ngeneral Information :\r\npart No. # 45w8687\r\nmanufacturer : Ibm\r\n\r\n\r\ncondition : Refurbished.\r\navailability : In Stock.\r\nour Warranty : 30 Days."
    },
    {
      "link": "https://www.serversupply.com/HOT SWAP CADDY-TRAY/SAS/2.5INCH/HP/670033-001_220255.htm",
      "category": "Home/HOT SWAP CADDY-TRAY/SAS/2.5INCH/670033-001",
      "name": " HP 670033-001 Hdd SAS Blank Filler 2.5inch For Gen8",
      "image": "http://www.serversuply.com//images/item/220255.jpg",
      "description": "HP 670033-001 HDD SAS BLANK FILLER 2.5INCH FOR GEN8.          ",
      "availability": "IN STOCK",
      "mpn": "670033-001",
      "sku": "220255",
      "brand": "HP",
      "price": "35",
      "condition": "Refurbished",
      "seller": "Sever Supply",
      "full description": "Detail overview\r\nHp- Hdd Sas Blank Filler 2.5inch For Gen8.\r\n\r\ngeneral Information :\r\npart No. 670033-001\r\n\r\ncompatibility:\r\ndesigned For: Hp Proliant Dl360p Gen8 (2.5), Dl360p Gen8 Base (2.5), Dl360p Gen8 Cms (2.5), Dl360p Gen8 Entry (2.5), Dl360p Gen8 High Performance (2.5)\r\n\r\n\r\ncondition : Refurbished\r\navailability : In Stock\r\nour Warranty : 30 Days"
    },
    {
      "link": "https://www.serversupply.com/HOT SWAP CADDY-TRAY/SAS-SATA/3.5INCH/DELL/N915D_119414.htm",
      "category": "Home/HOT SWAP CADDY-TRAY/SAS-SATA/3.5INCH/N915D",
      "name": " DELL - HARD DRIVE TRAY SLED CADDY CARRIER (N915D). REFURBISHED. IN STOCK.",
      "image": "http://www.serversuply.com//images/item/119414.jpg",
      "description": "DELL - HARD DRIVE TRAY SLED CADDY CARRIER (N915D). ",
      "availability": "IN STOCK",
      "mpn": "N915D",
      "sku": "119414",
      "brand": "DELL",
      "price": "50",
      "condition": "Refurbished",
      "seller": "Sever Supply",
      "full description": "Detail overview\r\nDell - Hard Drive Tray Sled Caddy Carrier.\r\n\r\ngeneral Information :\r\npart No. # N915d\r\nmanufacturer :dell\r\n\r\ncondition : Refurbished.\r\navailability : In Stock.\r\nour Warranty : 30 Days."
    },
    {
      "link": "https://www.serversupply.com/HOT SWAP CADDY-TRAY/SCSI/3.5INCH/HP/313370-006_98466.htm",
      "category": "Home/HOT SWAP CADDY-TRAY/SCSI/3.5INCH/313370-006",
      "name": " HP 313370-006 3.5inch SCSI Hot Swap Caddy-tray",
      "image": "http://www.serversuply.com//images/item/98466.jpg",
      "description": "HP 313370-006 HOT PLUGGABLE HARD DRIVE TRAY, HOLDS A 3.5 X 1 INCH SCSI SCA DRIVE FOR HP PROLIANT SERVERS.  ",
      "availability": "IN STOCK",
      "mpn": "313370-006",
      "sku": "98466",
      "brand": "HP",
      "price": "35",
      "condition": "Refurbished",
      "seller": "Sever Supply",
      "full description": "Detail overview\r\nproduct: Hp Ultra 2/3 Scsi Hot Swap Hard Drive Tray Sled Bracket For Proliant Servers.\r\n\r\ngeneral Information :\r\npart No. 313370-006\r\n\r\nkey Features :\r\ncabinet Type : Internal Drive Case\r\nmodules Qty. : 1\r\n\r\nstorage Controller :\r\nsupported Devices : Hard Drive\r\ncase Interface : Scsi\r\n\r\ncondition : Refurbished\r\navailability : In Stock\r\nour Warranty : 30 Days"
    },
    {
      "link": "https://www.serversupply.com/HOT SWAP CADDY-TRAY/SCSI/3.5INCH/DELL/55KUU_105782.htm",
      "category": "Home/HOT SWAP CADDY-TRAY/SCSI/3.5INCH/55KUU",
      "name": " Dell 55KUU PowerEdge Drive Tray Sled Caddy Carrier Enclosures",
      "image": "http://www.serversuply.com//images/item/105782.jpg",
      "description": "DELL 55KUU HOT SWAP BLANK HARD DRIVE CARRIER TRAY SLED FOR DELL POWEREDGE. ",
      "availability": "IN STOCK",
      "mpn": "55KUU",
      "sku": "105782",
      "brand": "DELL",
      "price": "30",
      "condition": "Refurbished",
      "seller": "Sever Supply",
      "full description": "Detail overview\r\nproduct: Hot Swap Blank Hard Drive Carrier Tray Sled For Dell Poweredge.\r\n\r\ngeneral Information :\r\npart No. # 55kuu\r\nmanufacturer : Dell\r\n\r\ncondition : Refurbished\r\navailability : In Stock\r\nour Warranty : 30 Days"
    },
    {
      "link": "https://www.serversupply.com/HOT SWAP CADDY-TRAY/SCSI/3.5INCH/DELL/9D988_75143.htm",
      "category": "Home/HOT SWAP CADDY-TRAY/SCSI/3.5INCH/9D988",
      "name": " Dell 9D988 3.5inch SCSI Hot Swap Caddy-tray",
      "image": "http://www.serversuply.com//images/item/75143.jpg",
      "description": "DELL 9D988 SCSI HOT SWAP HARD DRIVE SLED TRAY BRACKET FOR POWEREDGE AND POWERVAULT SERVERS. ",
      "availability": "IN STOCK",
      "mpn": "9D988",
      "sku": "75143",
      "brand": "DELL",
      "price": "30",
      "condition": "Refurbished",
      "seller": "Sever Supply",
      "full description": "Detail overview\r\nproduct: Scsi Hot Swap Hard Drive Sled Tray Bracket For Poweredge And Powervault Servers.\r\n\r\ngeneral Information :\r\npart No. 9d988\r\nmanufacturer : Dell\r\n\r\ncompatibility:\r\npoweredge 700, 800, 1600, 1600sc, 1800, 1850, 2600, 2650, 2800, 2850, 3250, 6600, 6650, 6800, 6850, 7150, Series Servers And Powervault 220s, 221s, 220f, 650f, 660f Scsi Arrays\r\n\r\nkey Features :\r\ncabinet Type : Internal Drive Case\r\nmodules Qty. : 1\r\n\r\nstorage Controller :\r\nsupported Devices : Hard Drive\r\n\r\ndimensions :\r\nheight : 1 In\r\n\r\ncondition : Refurbished\r\navailability : In Stock\r\nour Warranty : 30 Days\r\n\r\nready To Ship Same Day"
    }
  ]
}